subscription_id,account_id,plan_name,seats_purchased,seats_used,mrr,start_date,end_date,status
f2e6c951-5bbf-4b5a-8758-19c0286fe045,880d30ee-2476-4278-ba72-542a8521450f,growth,55,54,2963,2025-04-14,2026-04-14,churned
5b428ea4-7981-4203-8902-eb1999349339,304a8f60-4f21-498f-8e78-7e9ceb69e7bc,growth,93,63,3264,2024-09-21,2026-09-21,renewed
d8a20024-f6fe-4dcd-b4ec-e226857e69fe,d223e9d1-9e8c-4440-971b-b91c2ce2e6c2,enterprise,472,367,10191,2023-02-18,2025-02-17,churned
927ad378-04a2-4aec-a51f-ff1fc63818ed,5fb4b2ef-dab5-45b4-9404-59eff67b1abf,enterprise,262,210,24033,2024-06-27,2025-06-27,churned
d8ffa483-3d86-48f4-b19c-e8fe4ec7af13,bd4516bc-b78d-492d-8043-df57711831d6,enterprise,109,58,10966,2025-10-16,2027-10-16,active
c996a3ff-f953-4761-967c-6695ed647055,61d71670-af12-4c53-8eb1-3fb47ac59b95,enterprise,409,280,21728,2023-01-19,2024-01-19,churned
25fcd99f-6a3b-4b0e-abf3-e8450d04b829,b28b2d3f-ad3d-4071-a13f-575a9a4ef753,growth,56,49,4803,2025-02-08,2026-02-08,churned
a4dc0486-5eed-4473-abf9-66e2f51109e7,fe543ce7-7c6f-4710-bdae-fb3b6955273c,growth,93,79,2684,2025-03-10,2027-03-10,active
a2cc8439-7b8e-42e8-b938-6739235aa314,928ecf88-0103-4f5d-922e-fa96d7a6d456,starter,8,4,888,2025-06-08,2027-06-08,renewed
17a57836-2118-4feb-8735-1d5b3a63ab58,b3f94903-b41b-4319-a56b-73871129bdac,growth,95,91,3164,2023-09-01,2025-08-31,churned
0ef2dc4f-21e2-4ac9-b9cd-0c2ea24d4d89,424c7d5c-a438-4646-8df3-560d080baa49,starter,11,5,482,2024-04-24,2025-04-24,renewed
e1adf44f-5d46-4480-8c4b-4121826a6701,bc0b2660-f08e-4057-9019-af110addd1a6,growth,55,33,2383,2024-09-17,2025-09-17,churned
95188bf6-2e87-47c7-8ba4-d0217b92e249,c86fdede-0b80-48f5-9c71-e55a32f0eedf,growth,58,58,4018,2025-04-23,2027-04-23,active
1cb5656f-891e-43a1-9a44-badeb9dfcbe1,8caf2022-7a84-440e-bc14-3cf1da4f0acb,enterprise,466,278,14447,2024-02-22,2025-02-21,churned
7c1afc8f-11cd-40bb-ba56-60377c7a0987,eadb2c34-6305-4270-864f-899c035bc101,enterprise,345,177,16794,2024-10-14,2026-10-14,active
51513bd7-7059-4d4d-8de6-c3a8bd43ce13,602220c9-d969-4434-a877-b1581a13252a,enterprise,350,316,13128,2024-11-12,2025-11-12,churned
1e8580a7-54ea-4981-9c6e-ed4c559797f6,5a566fe4-5ae4-4e7d-a43a-697352a9ba75,starter,16,13,701,2023-05-12,2024-05-11,churned
939e0e08-6610-4e11-b9fb-3d305187e30e,476f6367-2de5-4641-bf1e-910b63fbc42c,growth,32,29,4397,2024-11-26,2026-11-26,active
075a74b1-b1be-40eb-adfa-c4b719c29258,9c98c791-0f2c-4e79-acaa-c978f872c833,enterprise,227,151,6774,2025-07-13,2026-07-13,renewed
3d09792d-4603-4a41-a3c0-109ce2fbd2b1,40d4f7e6-03eb-43d6-9670-4a2f93caef0b,growth,32,20,4048,2025-10-01,2026-10-01,active
466cdd31-219d-470e-9f67-cab2b4c478af,5cb5b452-c340-4b89-9d51-15158f07480b,growth,53,27,4487,2024-03-20,2026-03-20,churned
3053652c-a3d2-4816-8730-20b9d14b3eeb,04983eda-2e80-49fa-8df1-5ebabe094de4,growth,58,45,2869,2024-01-16,2026-01-15,churned
4f0e124f-6550-4bc3-99ce-7f0f9173bbef,f50f08f8-70da-47f6-95ff-edaa9f908e42,enterprise,278,247,13253,2024-02-08,2026-02-07,churned
35bb2b74-b56a-4724-8ef8-9762266bdcb0,24313cba-50bf-494a-9964-31e622b6f19a,starter,6,3,1035,2025-09-07,2026-09-07,renewed
3b3775ad-9e25-4505-b860-9d74f2c98c6b,0e3e8654-fd66-44f1-a392-0ec66204b068,enterprise,264,232,15181,2025-12-27,2027-12-27,active
b18384dc-0fe4-4ae7-9727-d0ef45db2939,a9f32fe2-7fb1-4930-8bb6-8b2b97b3caad,starter,5,5,456,2024-12-15,2025-12-15,renewed
13698135-0afd-4950-9871-3dc4673141b0,925c4009-676d-48ff-99b4-359c7f2b0375,growth,75,39,5621,2024-05-02,2026-05-02,churned
6526ee38-4a11-4a71-85f0-477cfffeb0bc,0e0461fa-b445-45c6-9d41-f7d7f7149a61,growth,72,46,5877,2024-09-16,2026-09-16,active
632e53db-d32f-4ae1-84dc-771e907751d8,90155c04-3801-4d92-aa24-c43c6e067b46,starter,14,12,883,2023-04-15,2024-04-14,churned
468873a2-cea9-4220-b1f0-219697d8da32,c096bd9c-02b9-46ed-a64d-1def79af4b13,enterprise,387,237,18322,2025-01-26,2027-01-26,active
0115af41-8167-4591-bb45-262bba022ac9,aa3e03e3-d2d7-44cf-b320-70662403b5f7,enterprise,293,238,13191,2024-12-15,2025-12-15,churned
b9e20b15-9adf-4781-b466-647b1f775813,98b520f4-4ebf-48ca-a94f-3ce143feaf56,growth,77,44,4431,2024-03-14,2026-03-14,churned
8d501e8a-f074-4240-9282-8c896c07db28,d8bcb6c0-80ef-499a-95e4-4bdf34fe572f,growth,75,66,4754,2024-09-10,2026-09-10,active
adc11dfe-a138-440f-bc10-d8eff182582d,0a002028-684b-4d72-b345-f0a001179006,growth,34,27,5875,2025-02-01,2026-02-01,churned
301125ff-3136-4592-9ebf-9b9a87a4c3b3,285f62b1-1125-4bf6-b628-cb2e89c9ea9e,enterprise,163,98,21409,2023-05-01,2025-04-30,churned
b3569765-92eb-408d-b7ed-d27301ca5339,545dfd60-c372-4800-a17a-ab32f965ee2c,growth,20,16,4879,2024-09-25,2026-09-25,active
6e15bb71-afa1-46b5-8668-ae674d637390,0c91fcfe-7985-4814-8cf6-e6bf72ff04bf,enterprise,227,188,10711,2025-10-02,2027-10-02,renewed
a19dea48-8021-44cd-bf94-02ec04c6d771,ae87da69-9645-4a05-96fb-5f43b280b1e0,enterprise,266,252,9358,2025-12-08,2026-12-08,renewed
1a994d40-c712-432f-aaae-d6b97cd92606,668edc2f-bd8f-47cd-8fff-f99fc8d3030e,enterprise,427,261,11932,2023-09-07,2024-09-06,churned
180880e2-e118-4ce8-9544-93a097cdee8c,41b76bd0-fb86-40c3-aa9d-ac154cb77782,growth,61,54,2099,2023-05-03,2025-05-02,churned
48fdbb14-4212-4918-9d3e-b2717cbd22f3,adbba2da-3864-4c28-ab5d-236e9af00c8c,enterprise,268,140,14752,2024-05-24,2026-05-24,churned
c6b2f9b3-545f-4ea1-891e-7d84fe8e7083,48b5db7e-8672-4678-9509-118ed3b2e099,enterprise,203,186,11908,2024-01-11,2026-01-10,churned
1026338a-738a-4794-ab61-337b870caeb5,541eb2ce-32df-44a3-8a72-ea8b0ffdd620,growth,70,68,3327,2024-07-24,2025-07-24,churned
84a11be2-5d64-48df-bbbc-49886a0ee38b,6e33cd52-b668-4d79-833f-da1b285f09f9,enterprise,354,290,13264,2024-06-20,2025-06-20,renewed
b4c539dc-7785-40c0-91d5-7b286c151941,ed288f6b-a5a8-4754-9dca-01e377e20f57,starter,8,7,790,2024-03-08,2025-03-08,renewed
2b20722d-ce02-4dd3-b87b-4a71a9b1ebb2,4812c71a-14a3-4cd3-9aaa-50661039f627,enterprise,346,224,22858,2023-12-22,2025-12-21,churned
e50f92f7-7cc9-45cd-a1dc-d8a9ab3fb6a6,1edc3682-b54a-485d-93ba-fb01366964f9,growth,39,22,2726,2024-04-10,2026-04-10,churned
540bf5e5-053b-4756-b947-64b64fa13ba1,f0e3ade9-44e9-44a2-a5c8-31ed7538b576,growth,24,19,6064,2024-09-16,2026-09-16,active
4513c4d3-fe25-442f-9f44-7020098dea24,dfdf6aa4-25dd-4112-a079-2adbd257721c,enterprise,211,133,23692,2023-04-03,2025-04-02,churned
86612b53-916d-4d9c-b46c-ffbb7acaa7ae,dd89231b-5925-4880-b35e-0e6627650b13,enterprise,201,169,23563,2025-05-19,2027-05-19,active
6d427435-bae3-4bf9-8de7-1669b2ff0015,57deb97e-e21c-4290-90d0-4d31bb31496e,growth,76,57,2802,2025-07-12,2027-07-12,active
b97ff3de-eb95-4f6d-8783-5e3ec6eaa8f0,0f471751-23e6-44ea-aeda-c7c6b3abfe83,starter,20,18,1036,2025-03-11,2026-03-11,churned
80eb276c-d4cd-48f3-a157-4bc29581e35c,6ddb7a34-0bd3-46f5-8cdd-1707360d92e0,starter,16,13,1076,2024-01-07,2026-01-06,churned
6a0e0868-bf4c-4cdb-919e-2ecd69c67d65,eb470853-cf17-4102-9c86-ffd9fa276d43,enterprise,251,214,21960,2023-12-23,2024-12-22,churned
ebb8a320-1ca8-49ba-abb6-4c87adad2d3e,e1e5efbf-48c4-42ef-a175-fa4fec0fd94f,enterprise,140,106,18002,2025-01-28,2026-01-28,churned
aa51f4be-0cd9-4bb5-b765-0a413903dd59,2c494b5f-2f1f-4714-8474-182447e94d0c,growth,80,55,4799,2024-11-04,2025-11-04,churned
53cc71be-77f1-4086-a870-15b722f21c99,58666b1d-346e-4659-99c9-fcaab3fda926,enterprise,364,353,24849,2025-05-18,2026-05-18,churned
5b415133-7a4b-4a9f-a572-1920a6ca7942,1bb1eb5a-c03c-48c9-af07-e256e14081db,enterprise,196,136,7048,2025-02-10,2027-02-10,active
9fbc7f4f-b9ae-4fa1-9ab0-a0a2a54bc8d9,e3032fad-edee-4469-b0ea-ac569376239b,enterprise,439,246,11691,2024-07-12,2026-07-12,active
2055a04e-a3c1-4297-ab19-8301fafd073c,f21af536-0613-4242-a681-b4c6f4095051,growth,39,27,3554,2024-03-02,2025-03-02,churned
63d3bfe7-c9ff-4cd1-bba1-cb7e20e11d8c,a15c853d-829c-475d-ba3b-e6809e321f13,growth,91,49,3145,2025-04-07,2026-04-07,churned
47d0cc29-5d8e-4596-9507-fd1e7b7997f1,20d44144-0ed3-41db-9c37-8e64ed6ba00d,growth,68,65,1537,2024-01-10,2026-01-09,churned
1b556141-d6f3-4b9b-83cd-c188d5f59b70,43f5da73-1857-4d92-b296-a947dfdd14ec,growth,52,29,3534,2024-02-12,2026-02-11,churned
ba008951-7b0f-47e3-8d53-96ee04aebcf4,96a2f155-e053-4e95-b120-8e58fe5e2c36,enterprise,374,352,21808,2025-02-06,2026-02-06,churned
b67ad135-fc1b-4eed-9789-d64aa5fd53a3,af0923f1-0275-41d4-9772-b6ef3d1864b6,enterprise,135,133,22672,2023-11-11,2024-11-10,churned
110dbd7f-6dc6-4baa-a30a-30146826fce1,f722db67-651c-40f8-acc6-0bcd7767f247,enterprise,402,337,24986,2025-01-04,2026-01-04,churned
f2e9b3fb-a3d9-4ce0-8ac8-37d4bbedeb1a,cbed73f2-652e-413b-9a26-62767bb7c2b2,starter,8,8,812,2024-12-09,2026-12-09,active
aaaf06aa-5fd1-47a5-b04d-05eaf0d4e55f,15c0e07b-9153-4215-b2f0-9799189752e2,growth,97,63,4893,2025-07-28,2027-07-28,active
0dbe7663-108f-4e14-9785-c2d356be4d9b,85027ce3-1a70-4efe-af92-f7d4a2e1f9b5,starter,9,6,889,2024-01-09,2025-01-08,churned
afcec565-b891-4825-8fca-631026bd1562,e7543ce8-c746-41f9-b5e3-6ea2ceb7b4dd,enterprise,226,133,15330,2024-04-01,2025-04-01,churned
b2e573bd-e7cd-4b70-a717-5692762ec3a9,8dd695a3-adf0-49af-a8d4-a1c12bd74354,enterprise,99,53,10291,2024-12-19,2025-12-19,renewed
920860d0-a118-4848-b0f0-aaf3f553048d,8c848003-7c58-4400-90b7-df6ebccc57ed,enterprise,348,299,14454,2023-12-17,2024-12-16,renewed
5d38d38d-6b8f-4adb-8871-70903ebb9884,9618d903-1681-49dd-a475-34a2c8ca26bf,growth,97,51,2686,2025-10-17,2027-10-17,active
06177277-3845-43d4-a6a9-4504fb7ea55e,7068fa80-3ed2-44a0-a74e-8bf8f96073f9,enterprise,465,275,9532,2024-06-12,2025-06-12,churned
54ba9242-02ad-4f4a-9842-dc1877d11ce4,c510cddb-e2db-4b81-87dd-b2e3292c41f7,enterprise,224,147,8959,2023-08-22,2024-08-21,churned
dedc9331-9773-4d5b-a489-516c73822180,4c8a90bd-36e2-47d9-9140-e5b282317c67,growth,65,32,3196,2025-07-01,2027-07-01,active
fa9b1c0b-a48f-41a2-8f56-4f93aa6b806a,ee12f5f6-7e68-49e4-8175-22206d9bf83e,starter,19,9,510,2024-11-18,2025-11-18,churned
f947fab6-b160-4fc2-8d10-9bc427e7e7ac,baf6edd5-9de4-4577-b940-cda314f9c38c,enterprise,195,154,19192,2025-09-25,2026-09-25,active
e522deca-e042-4628-8a5e-b2d1b0ebd55b,6b1e0218-e14a-441f-959c-ea6d6ef9f3d7,growth,53,53,2555,2023-03-11,2025-03-10,churned
9eb1fd24-7441-42e0-b5f2-37c3b644123b,ee44ae6b-998a-4169-bc28-5c072b5f90b2,starter,11,7,509,2025-11-14,2026-11-14,renewed
896ed355-e291-4416-a970-cfce8acbbe9a,3b987c26-9f40-41b8-b67c-a5bb6e9b1c84,starter,18,16,798,2025-11-03,2026-11-03,active
0a60a1de-141b-4e14-9b15-e59ae86579fa,11d0f812-75fc-4938-a51d-f81d4cbb566b,starter,14,7,528,2024-11-11,2026-11-11,active
28b50a2a-0370-424f-9ed9-95c4e87ffc39,7f823e43-9c2c-4936-ae5e-e25e71a7e1f4,growth,84,60,2975,2024-09-14,2026-09-14,active
a72daa1f-b2b7-4117-a477-bcaf342bbc40,556e8522-5cda-4089-8b02-5d7518bf0ed6,growth,20,15,5993,2023-02-19,2024-02-19,churned
ac74cec8-f0cd-485f-9168-01bd5105ae7a,d83ab9ef-06d1-4506-b788-6e75bc78b1b8,starter,13,11,1138,2025-08-13,2026-08-13,active
3a0c94c0-baff-45d4-b426-58429fa96edc,610328a7-8916-4fd1-b590-78fa474fe818,growth,57,33,4731,2024-05-08,2025-05-08,churned
cf69d3ba-d3f5-4b89-a3e8-e37135bc9e93,4335e910-493a-407c-bd2b-978837b4727a,starter,13,13,1065,2025-10-13,2027-10-13,active
673eec8e-8d80-43af-86f3-848fb364bb5a,8c45cca2-8a88-40e3-9d88-f8b2e1782ccd,starter,19,12,428,2025-02-25,2027-02-25,active
d1fa33c3-bc82-4fa9-828b-bbc5c7208165,ebba2055-6c3a-4588-a230-7e6e16847f3a,starter,6,5,1202,2025-09-14,2026-09-14,active
b3543139-bb9b-46aa-8b2f-473a7623e6f1,bf5101c5-fa5d-4010-b2e6-947c49782466,growth,58,36,3881,2024-04-20,2025-04-20,churned
20579840-fb3e-4423-ac4c-448b3cb3309c,84a22b44-7991-4a54-8c82-5857b4e4d59e,growth,34,20,3379,2025-01-19,2027-01-19,active
0034b24c-b3bf-4845-943a-d8ed25f0c1a7,e7c6d579-752d-46d4-903e-f021d0c925f8,enterprise,181,165,18187,2025-05-12,2026-05-12,churned
5e3574e2-9916-44eb-81d8-86b726776df5,8ffcda7c-fb35-414a-a1fb-52eb6e3ec99b,starter,11,8,941,2025-09-18,2026-09-18,active
0342ec7c-e319-4bf3-b146-35df37d37d14,0063afeb-be6b-447f-a265-a0249a8b9bd4,growth,23,18,4998,2025-01-19,2026-01-19,churned
ff6a028f-9daa-4304-a7dd-6b5069c2616e,b1340b04-e486-47db-bfca-23bc80dc877c,enterprise,182,131,22711,2025-01-12,2027-01-12,active
8fde2230-518d-48ac-8376-56d75efab1e4,15d1c5fb-725a-45cc-b876-b9b8c1f91211,enterprise,157,118,21068,2023-12-15,2025-12-14,churned
9e962fa5-a93d-4471-a8aa-e1bad2fc2390,133dca49-cd67-40d8-94fd-c68395c5a797,growth,71,35,3719,2023-01-13,2024-01-13,churned
b28b6a68-b306-408e-a448-3dc5f28afcde,468fd0b3-8618-42b1-84a7-bf32f8542c17,starter,17,14,1246,2024-01-06,2026-01-05,churned
874c7b90-6403-4759-87d5-09f8a6c1ba18,c4ffaccf-dbc5-491a-a876-82c96d13cf64,enterprise,108,100,21981,2024-10-01,2025-10-01,churned
a8bb7ea1-aecf-47f8-ac0a-ba442210b48b,c9d4dfa4-bd39-4cb6-ba06-e973d50d289f,starter,14,13,1132,2025-05-24,2026-05-24,churned
1439b1fa-fd69-4f5b-a3ad-dce3d55cbdd4,ab929f92-3916-4b2a-a2bf-a25950cb2f26,starter,6,3,1230,2025-03-19,2026-03-19,churned
4413e9e1-3d04-488b-91aa-f14463487317,f129348b-b5ac-4e68-a48b-bb1cec0e9ebf,growth,37,23,6356,2024-05-14,2025-05-14,churned
334be9e1-7f77-4464-ae7d-f2ef9e8a027c,5b387e5b-fa32-425c-a023-a766f15bb50e,enterprise,379,256,18077,2025-04-15,2026-04-15,churned
1e62f04e-4774-4670-9f36-7dd982d94da7,076d95e9-7968-4e2c-b7b8-ce6d9f644205,starter,19,19,510,2023-09-01,2024-08-31,churned
9c58022c-83f5-45a8-98ef-08db3238584e,34cdb42d-c6f0-4299-a02e-bc7d6f06c005,enterprise,239,189,20578,2025-07-06,2026-07-06,active
9078a403-953a-4753-a466-27bf9b39e94f,ae87da69-9645-4a05-96fb-5f43b280b1e0,enterprise,212,108,7486,2024-12-08,2025-12-08,renewed
19002bd1-dd6e-43aa-9850-14e0b6279b63,7ad7109b-bbe1-43bb-8c90-f2de2b2dc65d,growth,77,50,1548,2025-09-06,2026-09-06,active
af100e44-05a2-4a1f-8963-9120e5bdccde,6b95e314-4f02-4be3-922b-29efc6b2c00b,enterprise,350,298,22529,2025-06-18,2027-06-18,active
40463279-4a15-4cbf-8960-0f82eccd1be9,b1e51404-ff0d-4774-a620-febd8385a6fe,starter,6,4,1199,2023-04-22,2024-04-21,churned
ac32b209-74ea-4781-bf9a-6424ea5f5947,e8348b92-045d-416a-827f-dc524cf251e6,growth,37,23,3943,2023-07-14,2024-07-13,churned
44718972-de3f-4700-8f45-abefa8e6d52f,f4fa1be5-2f43-458b-9add-20ed03dcd78f,starter,20,20,1229,2023-10-09,2024-10-08,churned
9a138d02-1b0a-499c-b0d2-87600c6e8087,e691ae69-9d65-43ba-8aa9-7592639c33c0,starter,12,7,1171,2023-05-24,2024-05-23,churned
01dede86-c592-45b0-8797-8bcd4743cfa8,e9a2d36e-0693-48ff-becb-43fddd0f7e3c,growth,42,38,5323,2024-09-11,2025-09-11,renewed
b315c824-c719-465a-a0d4-0fca93226391,0991201d-1323-43db-b83e-59f3660f6d91,enterprise,241,152,11400,2023-05-13,2025-05-12,churned
c345792b-c34e-498c-8c57-3bc5580c0f79,1e94ec5c-e97d-4f73-a72b-77c7c7579a30,starter,6,4,470,2025-12-02,2027-12-02,renewed
0215b0fc-5eaa-431f-804b-0faf1b35f2df,974720c0-c545-4de2-9758-b2e0e3bfb657,starter,9,4,1019,2024-05-14,2026-05-14,churned
340035e2-128a-4704-8191-3758239a0745,1aa97f09-ba12-403e-8258-063ff7347728,enterprise,235,232,14255,2024-07-27,2026-07-27,active
3030947e-9d94-42fb-aaa4-c96c43b8f371,1b306632-26f7-41c7-8a08-0813259f4903,enterprise,409,240,15725,2025-08-07,2027-08-07,active
b55578a8-4162-43b4-96c3-6ccacacc5297,990b311d-4537-46f4-918a-92eccb24ecb4,starter,12,12,1133,2024-11-16,2026-11-16,active
6292e633-21a2-470b-8f6c-aa6f862dfb50,0c91fcfe-7985-4814-8cf6-e6bf72ff04bf,enterprise,181,133,8568,2024-10-02,2025-10-02,renewed
5bd8445b-b845-4b39-9820-55d83800b13c,de116074-83f8-4c77-ae70-0371b2c9634a,enterprise,111,105,11800,2023-12-13,2025-12-12,churned
af623e66-1c6b-4101-bb28-ec41dc440527,062cf126-ee6d-4865-90a5-ef7e392eb031,enterprise,334,329,20848,2024-07-06,2026-07-06,renewed
a229bcaf-1816-407c-9939-cc5666d9afd4,13947b4a-d21b-4985-bdae-e97f4973cdf4,growth,79,60,6195,2023-06-09,2024-06-08,churned
95cbda41-4509-44e6-a52d-0e91d5046eba,7c9ccc29-9f37-4ce6-b5df-e2aa512c7050,starter,8,8,513,2023-11-16,2025-11-15,churned
3bc2272c-5cb8-4011-8b14-91e70cd5e8ef,82ec676d-24ed-4ae4-ac0a-2d12d38bc5c3,starter,10,10,1135,2025-09-09,2026-09-09,active
d82f3c1d-2ca1-45ff-a51b-82362137664e,6cd730c9-06b5-4cfd-9517-d3eb890b7d19,enterprise,470,245,22296,2025-06-16,2027-06-16,active
ca9c6523-916a-41de-ad73-41d9d798327b,75ea5990-4dbd-408f-a876-2a3dc21d622d,enterprise,367,196,9184,2023-05-16,2025-05-15,churned
20198eb0-ec09-4a5c-8938-10219a3a24d1,e9a2d36e-0693-48ff-becb-43fddd0f7e3c,growth,53,41,6654,2025-09-11,2026-09-11,renewed
19c76f07-f68d-4092-a1dc-a667484208bc,2c8a6344-5ab4-434f-8451-27a89db5bec7,starter,5,2,452,2025-05-05,2027-05-05,active
ba04f471-74c8-4ad4-b442-00e76a725e67,299f438c-5a01-4804-a3e9-da7a2974024a,starter,16,13,511,2024-07-04,2026-07-04,active
36eac230-c7a5-435b-82b3-3481b3706ebe,22a87ffa-6ab7-4a91-8140-86735df65951,starter,17,14,1021,2024-06-19,2026-06-19,active
f3eacbf9-8601-4691-954f-e304d46c9f7f,3e6804d2-7de5-4122-8a95-42449db010c0,growth,56,37,1441,2024-12-17,2026-12-17,active
dfc63406-bd9f-41f2-bb10-f0fd67bda3c3,273fdef0-b516-4d19-ac1d-f6f93402302b,starter,17,13,906,2024-10-07,2026-10-07,active
c7a37c6f-c499-4ff2-99b7-936d4eb4067f,979f9869-e86b-49f8-8dfa-c4b1c4cb307c,enterprise,233,162,8197,2024-08-10,2026-08-10,active
614f1f7b-832a-46db-aadb-08d41d8c219a,118b9023-54c9-4b5a-b34e-adcdb7412867,starter,10,8,933,2024-09-21,2026-09-21,active
a846cf5f-16b6-4271-ba3c-be81856ca8c5,dd33eb4d-ec0a-4c9c-aee7-fa60045150ae,growth,55,44,1418,2024-06-19,2026-06-19,active
6de2885c-9d64-48a2-b9b1-8a40111d0301,089ea9ac-a3f1-4ca6-b87c-83de8ce5d9a9,starter,5,2,1139,2024-11-18,2026-11-18,renewed
83202144-7254-44a0-9d45-377d584f2b33,8e657c01-2c66-4154-9ba3-094c32c33110,starter,17,12,554,2025-04-19,2026-04-19,churned
5ab84bdd-7dbd-4638-ae6c-6493258e88c7,ecd94e66-0dc1-43bb-9fdb-9d19907287ab,growth,65,49,3958,2024-12-14,2025-12-14,renewed
78183699-7a5d-47db-b583-c496ef177420,96d47051-d7da-47c0-8ebb-0ad0bcccaa8e,enterprise,395,236,15930,2024-07-21,2026-07-21,active
6a2ab377-e5f4-4ce1-a978-1b93710f8482,eacad002-b400-485c-b97d-2cdc917af2e4,growth,74,61,3010,2024-02-06,2025-02-05,churned
89dc4b98-2655-40cc-830b-e974b2b91514,1d0dc2e9-76af-4e73-be99-4c8ae1e410e9,enterprise,107,92,13043,2024-07-14,2025-07-14,renewed
cdf76b2a-7566-428b-91a5-8d29f0113dc7,10156cb0-fe7a-4af6-83e6-9f8e454b52e3,enterprise,198,129,21410,2023-12-05,2025-12-04,churned
29a49596-1896-458c-bf80-7b9e00a98d74,9fc66873-74b3-4060-bdf7-eea062a7591a,enterprise,181,159,14640,2025-05-23,2027-05-23,active
8b335384-3e9e-4da1-b182-68efefcb0ab3,2112bb42-e796-494a-8456-7813131748d4,enterprise,134,122,18006,2025-08-10,2027-08-10,active
4f991516-0f20-4cac-bda6-36cc60e09b36,b0253eb2-5c0b-434b-b1fd-e77e8edb8079,enterprise,168,127,16088,2024-12-08,2025-12-08,churned
0f8a66e6-2c97-4fab-a790-599806ce19a4,d5fbb215-9d3c-468d-a417-d8f5e71438d6,growth,99,97,3635,2025-08-24,2026-08-24,active
10927055-f833-4e64-a379-fd0868f861db,e8d53a9d-d07b-4049-a6ca-f9d76fd50e7f,starter,14,11,920,2025-08-01,2026-08-01,active
8fa3f728-9107-49f6-8762-d6da42bc3be3,c22d762a-e042-40e4-9bda-c8a1deed1495,growth,90,67,4389,2024-03-21,2025-03-21,churned
3b925dcf-8b73-471f-b2ae-f15fe9eeb643,c590aa8b-ce52-4fa4-b92d-64e1c47a583f,growth,33,26,3234,2024-11-18,2025-11-18,renewed
5d114dfe-3d61-4a66-95e3-fc3832a32930,22b04939-874a-4af6-b04b-abd404206840,growth,47,36,1711,2025-12-07,2026-12-07,active
715d9f68-793a-43b9-bb3a-f8f032c2de47,63ff4fb9-ac6a-4469-b60e-4e9683f08138,growth,58,41,6367,2023-04-27,2025-04-26,churned
42ecfa02-6e80-48d2-a129-55a9bd805d84,53d8bace-2912-4b50-92a7-79bf335dbcc9,enterprise,226,208,22509,2023-11-01,2024-10-31,churned
202577f0-ee7b-49c9-9d27-6e9d6b444801,ec5ae185-13ad-4cd3-b9d8-5293ec8d035f,growth,40,20,1664,2023-12-15,2025-12-14,churned
7ed534e9-3d8f-432e-aa63-e2fea465d39b,e2b20d48-3b11-43d9-b987-2abdbfa347ad,starter,20,16,1092,2024-03-07,2026-03-07,churned
58bfd099-de2d-48c3-a52d-c33de6c1f4fd,d7c67e7a-99d7-4f7f-a3d3-96985ce937af,starter,10,9,887,2025-10-15,2027-10-15,active
cedc5497-2d57-4560-83d3-17f714a9fd08,15a039af-737a-4be6-9f65-998804864c33,growth,21,12,1250,2025-01-16,2027-01-16,active
e84b3972-d9e7-44a9-a999-08530ad5932a,c1ee9d95-3de5-406d-89c3-0ee3db4f2308,enterprise,219,167,12395,2024-08-27,2025-08-27,churned
406aa942-643d-4d0e-b98c-fd70d6534835,555d0f2a-1902-40ef-95c6-e6615cd4fd3d,growth,24,19,4215,2025-08-23,2026-08-23,active
65511c71-c634-429d-9d88-824685201e63,7b4b1d42-a652-4ff5-aff9-28d5bd9e6caf,starter,17,14,1112,2025-02-02,2026-02-02,churned
101e0815-3460-4e49-9cf1-a06b568d5d26,27fcbea7-629e-40cb-8d18-e99dbca12a5a,enterprise,214,209,24392,2025-01-17,2026-01-17,churned
de1c202f-8276-4e7e-885f-c2600274d870,eedb41c6-2bd2-4794-86fc-c5d0ac318e1c,starter,5,3,1051,2025-04-15,2027-04-15,active
d679e58f-18e0-4be7-9a9b-0fee8b3d457b,fea26b95-dd7c-4561-a7cb-fc1cfb9d2a99,enterprise,477,403,22768,2024-01-19,2026-01-18,churned
ef6afc0e-a939-40c5-9ce7-406b47f7193c,10ab4b97-dcd2-4821-89c7-77a7c9d45902,growth,66,64,2007,2024-03-03,2025-03-03,churned
4a19925a-ef48-4121-8150-8b35679fed73,618d7c4e-5bf8-4f56-8785-5bbb5efd5a94,growth,26,23,5726,2023-01-04,2024-01-04,churned
ecb239c0-28be-4091-ad7a-13c39557ee7b,34d740f4-2ef4-41ed-b068-3e916b046aec,enterprise,265,146,20298,2023-10-14,2025-10-13,churned
d88dfd40-47f2-42a1-b364-4cb2835b0216,d8493b57-feeb-4a82-a757-e897a3bca007,starter,8,8,646,2024-12-27,2026-12-27,renewed
fa6ecca4-589f-49cb-bd9c-c18836cf93ef,304a8f60-4f21-498f-8e78-7e9ceb69e7bc,growth,74,46,2611,2023-09-22,2024-09-21,renewed
1fcaee7c-f5e2-45cc-aeaf-8b793668991c,d659290f-b25c-4777-a270-637c7ca5eb72,enterprise,125,98,12004,2024-02-04,2025-02-03,churned
799b2c10-fef4-4a45-84ee-9d96f786a1bb,a3a08f79-2f53-4694-adc7-b4eeb1ef9590,starter,14,13,439,2023-08-23,2024-08-22,churned
ecaf8143-a6a9-4926-8239-55ce87bec880,98b322c6-2252-48d4-9ec5-e5c0c6707608,growth,77,42,5767,2025-09-20,2027-09-20,active
702b95a2-58f3-4b58-8266-054e5ba06f5b,05b301e7-a9b3-412b-b36c-97ec4daeda53,growth,41,31,2564,2024-04-17,2026-04-17,churned
b329cbd7-57fc-48ca-ba86-20ef10eb533c,37538820-f5f1-46ff-aa7d-33e9b3df2f13,growth,45,26,2322,2025-09-11,2026-09-11,active
88201585-1d90-4a60-a770-0f658d7c120e,c09b7174-54e5-46f1-b7e9-21efe5149637,enterprise,151,96,18196,2024-11-01,2025-11-01,renewed
e4d6d096-3106-4b50-a9c5-8a2fe4350521,c957252c-dee4-40fe-9386-b3e095786728,starter,18,16,538,2025-12-23,2027-12-23,active
979fc52a-adba-47d2-b51b-0dcdbd9d29e1,d1f06e8f-e948-493b-8f35-0c764393d7f1,growth,33,33,2593,2025-09-24,2027-09-24,active
f9734a36-4b87-4044-adf1-f9903a7ba154,ea2a5a4d-8abc-4bda-bdf0-33c563690234,growth,48,37,1783,2023-07-28,2025-07-27,churned
40f105f3-3085-4bca-8726-fc9bb2b93711,ba68bf53-70ff-441a-a949-c848e86997b2,growth,23,22,3984,2023-10-27,2025-10-26,churned
14776550-5094-4fe6-953c-90c2e89492eb,2044f51d-97be-475e-a1d8-c81fde3106c0,enterprise,301,160,7872,2024-09-22,2026-09-22,active
5ebb8a8d-b665-4584-982c-2d77cd9e23d8,0ac36a9f-fc75-4ee8-9908-dc7555296856,growth,95,89,4048,2024-09-27,2026-09-27,active
0c7ee6bb-d831-478f-889f-90d1735db745,902c3e0e-9759-46eb-b34d-21abc35dabce,enterprise,246,192,16774,2025-09-12,2027-09-12,renewed
ae2399b4-98d1-4d54-b5e3-729e7e72eb94,5dc6b598-847b-4333-8eb8-8d1304064398,starter,9,7,1198,2025-08-16,2026-08-16,renewed
59dfb0ae-273a-4903-86a9-8968920d0b0d,bc0643dd-25be-48bd-857e-8bb8e9fe82c1,starter,12,8,744,2024-06-12,2025-06-12,churned
1ca81434-f632-45be-9c6c-7b5079ce972b,8dca7ec9-271c-44e9-8873-6381114edecb,enterprise,341,303,10128,2025-04-05,2026-04-05,churned
c8fa6bbc-eab7-4f86-9e64-37696a567a8f,24313cba-50bf-494a-9964-31e622b6f19a,starter,5,5,828,2024-09-07,2025-09-07,renewed
5ce84830-2cb9-41e2-a491-bae3c79c7a25,e842ce3e-2ad1-43d9-b32d-be74de767ba8,growth,54,52,3069,2025-08-08,2027-08-08,active
53826bb8-354f-4f2d-8e3c-679437caf1af,a53c3376-0453-4626-8680-411c45c8d678,growth,62,58,4316,2025-03-04,2027-03-04,active
a5477ff9-7617-4b61-879b-14da2f9f56a8,c9565706-40cb-4eb8-ac4a-fdd186d5e0c9,growth,92,59,1673,2023-02-16,2025-02-15,churned
aa6f128d-769c-412c-9e2c-36f12a81bf7d,920ffae1-9fa0-43a4-b863-d6c43adfca02,starter,16,8,744,2023-04-09,2025-04-08,churned
494deafa-8b1f-4245-bec5-540d146daafc,7df20320-107c-46a4-863f-08f8a3bead28,enterprise,173,115,22400,2023-09-03,2024-09-02,churned
eb15674d-0266-4fb9-a7fb-958b60cb8359,ba4ac0cf-85b7-422c-97ec-84ee582c39c7,starter,12,11,696,2024-12-19,2026-12-19,active
52eb67ee-522b-42e1-bcc6-1cd0d9b579a0,8c5d6b32-8221-448a-aec9-f2ce52b89ef2,enterprise,254,162,22395,2025-07-06,2027-07-06,active
c7e3c12a-88ca-48e5-b1ef-4689c2d617d9,7031ace4-2e2e-4be5-a53a-22a169245718,growth,36,22,5336,2025-07-24,2026-07-24,active
9492994e-5329-454a-8384-8d4090530954,9c98c791-0f2c-4e79-acaa-c978f872c833,enterprise,181,163,5419,2024-07-13,2025-07-13,renewed
0c9672a0-20f3-4114-aabf-f88658e33d2a,6e33cd52-b668-4d79-833f-da1b285f09f9,enterprise,443,441,16581,2025-06-20,2027-06-20,renewed
0295bd9d-e940-4def-9732-eb6903a57c5f,1398b3e5-daf3-48cf-9b65-b06fb16391f4,starter,11,8,1155,2025-07-27,2026-07-27,active
c30b125a-86ae-4cbc-8dde-4f8651c176d4,23b3b550-591d-42fe-b9dd-3d45204968a3,starter,5,2,887,2024-06-15,2025-06-15,churned
93033911-6e0b-4675-abad-787442a35f02,1a5cdbeb-c434-4ae1-abde-d28be279c5b0,growth,41,30,3103,2023-09-16,2024-09-15,churned
e72600d6-a4bc-4294-a71d-da23970fcf08,24e8e8cc-faa7-4851-b2ff-4ac7e4f294e0,growth,71,71,3270,2024-12-10,2025-12-10,churned
8dd86375-9d37-4436-9596-b2de865bb68a,ae4047ed-04b2-4c81-bc7a-2756ab03ccec,enterprise,130,83,18775,2024-09-25,2025-09-25,churned
0f6d2f77-4bfa-4b16-84bd-60bb3f1f8db5,0ef682d4-0c01-4c26-a65b-17ffea5e3198,enterprise,162,129,12517,2025-10-25,2027-10-25,active
520c4a18-16aa-4f7a-a817-92305b70ef56,999c8eff-5623-4153-a987-97d553b9a0bf,growth,43,36,4145,2024-11-07,2025-11-07,churned
f85cb832-2633-42fd-89f3-3532eb485a34,de443543-cb5a-43de-ab26-7873a7625f8d,growth,63,56,2245,2024-08-08,2026-08-08,active
177fed9c-3c1f-4ed1-8521-3fbcc1410cba,64a27eb4-f42f-4b31-861a-6cfa265cf276,enterprise,226,127,17432,2023-11-10,2025-11-09,churned
44896c84-f80d-4408-9a7a-c4ea394a2d5d,e1f27c07-3718-46db-b848-174345537094,growth,56,44,5175,2023-08-24,2025-08-23,churned
3c519749-baae-45b3-8540-483b09506fab,13761516-3d20-41c9-b05c-97ef683cfe8b,enterprise,382,368,17282,2024-11-22,2026-11-22,active
658e7725-f3fb-4306-9399-75f2baa424ff,505abd4a-ad6e-4ea8-953b-d9d680e7a25c,enterprise,133,121,7745,2025-02-21,2026-02-21,churned
cdd9c11c-7faf-4f60-ac3e-1526868d3ec0,f756297a-73cb-42f5-8b4c-4dc63e235d92,growth,96,92,3539,2024-09-01,2025-09-01,churned
302fd264-2a22-4b96-900e-82b3cb5ee751,9091abf4-c363-4f1a-b641-961c020e5775,starter,12,6,430,2025-09-28,2026-09-28,active
3e5edcda-1364-48f4-93d7-a78bed2553c6,13341daa-69f6-4413-ae69-c53054e85053,growth,53,44,1732,2024-02-06,2025-02-05,churned
454eb622-c026-492c-9fc1-34ff7415e988,14f63ec2-6408-466a-8ce3-66b4d7b6079f,enterprise,338,202,16813,2025-02-12,2027-02-12,active
7d3cc024-f74f-42e4-83af-c979ba7344d2,b5813566-a7b6-48e3-a82f-1c4c48b80a41,growth,75,41,2427,2024-11-24,2026-11-24,active
1fcdad93-d722-44a3-857c-9573f997adbb,81bd4846-0581-4727-989f-7c17ca05ae62,starter,18,18,816,2024-12-02,2025-12-02,churned
d47c6b9b-4fdb-4829-9c42-681fdd722bc1,ee44ae6b-998a-4169-bc28-5c072b5f90b2,starter,8,7,407,2024-11-14,2025-11-14,renewed
bb4f3dc7-3deb-4347-91dc-350c03178282,e3566eba-152f-40ac-89f1-5eeeab1d6a0b,enterprise,463,258,9359,2023-07-26,2024-07-25,churned
137f58df-48f3-4eb0-a5fe-bc967ad7b9d1,e3db1650-9b95-4537-b1a5-419d1b6d1fb9,growth,86,52,3361,2023-09-02,2025-09-01,churned
517c2234-bdaf-4d0f-83c4-4796771d1a05,b91e6299-07f6-41b5-8d64-40b85f2106ec,growth,36,36,2859,2025-07-13,2026-07-13,active
f2ae523b-a06c-4c97-81bf-a5934610072d,d0359533-e69d-4491-be40-a89d3693c066,growth,75,67,6421,2025-01-01,2026-01-01,churned
8452874c-712a-41a2-9f8e-a82c4ea71e74,890e4aa3-eaa0-4b10-a3ba-908b48079327,enterprise,241,131,7567,2025-02-15,2026-02-15,churned
27b534af-8bec-4f0d-b5ac-5c5eb6373a4f,31af803c-ee8f-43ef-acb7-a8f771478b72,enterprise,360,257,19209,2024-04-10,2025-04-10,churned
f757946d-07e7-48cf-8dab-8d84243e7d10,102a06ba-fb78-415b-b56e-705af395b2ca,enterprise,450,310,7569,2025-02-11,2026-02-11,churned
89c7acc5-127b-42b9-91b8-51b9b0089153,bcb3b4f0-00ee-425e-a3c2-59e1b5fb1dd6,enterprise,157,78,10531,2025-12-19,2026-12-19,active
1843bcd2-ce57-454e-9650-0a0bbcf45bc9,c32e6d33-9719-4128-bf0a-00ac29f6885f,starter,5,4,503,2025-11-06,2026-11-06,active
e2ea6d7b-1605-4721-9533-4b0d2fc4b88a,c97a0c52-7f87-4397-a788-08c900584141,enterprise,289,278,13967,2024-09-13,2026-09-13,active
653bb385-404e-43de-9741-19b5574b245c,3009475c-7413-44f6-bf4f-82ee2226bd83,growth,42,28,2164,2024-04-11,2025-04-11,churned
4a589395-d832-44ad-b85e-23aa683c9886,4d2c98d5-41c5-4a96-a00c-eb63148128f0,enterprise,238,124,16197,2025-01-09,2026-01-09,churned
c2a32642-e012-4e15-8674-fac500940013,ffa161c6-06ed-4886-aec4-e5d0446f219e,starter,15,12,811,2024-02-01,2025-01-31,churned
f9c18085-79ac-4f81-bf5a-1d87978a9464,2928944d-c3f7-443a-a692-41670d67be00,growth,41,33,5636,2024-02-21,2025-02-20,churned
2f062cd3-50be-4ffc-bf9a-fec09cdaf10e,c97455ea-d79b-447f-a5d8-6ff2cbe1a21c,growth,78,58,6463,2023-11-15,2024-11-14,churned
15393fef-35d8-4b15-ac26-0c531b3c71ad,902c3e0e-9759-46eb-b34d-21abc35dabce,enterprise,196,150,13419,2024-09-12,2025-09-12,renewed
adea7f0e-ce8d-4da7-a2d3-e399fea5fb2f,38944ff5-89c4-4565-bbab-216bf51614b0,starter,9,7,1059,2025-07-01,2027-07-01,active
841a0857-eb36-48cc-8171-60b655b4910a,d8493b57-feeb-4a82-a757-e897a3bca007,starter,6,4,516,2023-12-28,2024-12-27,renewed
0d69e319-88d3-42cc-a870-93c107da69f1,311f3b2e-2aa2-4738-83a4-5011ddc80e53,starter,15,10,1210,2024-01-13,2026-01-12,churned
789ee88e-a04d-4fa3-8c24-3fdac178bba0,50b85287-ccd4-44f2-8e26-3002ceaadd0d,growth,76,71,6348,2025-07-17,2027-07-17,active
5d4a3255-bd70-4658-8ba0-90e7cf7a197f,9ce5c7da-8f5f-48ad-bba3-0f5af6bcc5fa,growth,75,57,6248,2025-04-10,2026-04-10,churned
96e8e1a0-27d3-4750-a673-79b1b740a694,b3a9dd72-0086-477c-9594-39090895d69a,growth,76,50,2823,2023-09-25,2024-09-24,churned
5e42fc0a-e346-40de-a61f-d74c6c63cf65,a158c230-a844-4a0b-b11f-06fce6d0f2a3,starter,6,6,422,2024-08-01,2026-08-01,active
f1208303-93ac-4f79-aeb2-1d6a2cfe65ee,c43a8309-43e7-429d-bddb-73fbeb3eaa8a,growth,85,64,1973,2023-12-25,2024-12-24,churned
d27868d0-0514-4bb7-acab-f29d8a1276e6,b45e5fc5-42d3-4677-89c0-85c141e2f2e8,growth,99,50,3144,2025-07-01,2027-07-01,active
d23fde4f-f55a-4708-8198-aa559d5a3c60,68c11c02-695d-4821-97b9-4c62a7afd25f,growth,37,20,6369,2024-02-18,2026-02-17,churned
20942649-57f0-4a6e-b9c7-cce120ee6062,bd2a73b5-c5f6-4708-abfe-9734fdcaee1f,starter,6,4,1010,2025-12-05,2026-12-05,active
84f13ab8-cf05-4b63-815d-e561da801dff,8c848003-7c58-4400-90b7-df6ebccc57ed,enterprise,436,280,18068,2024-12-16,2026-12-16,renewed
adacdc39-0bc7-4902-a612-40ec95b71474,30fc2998-6457-4adf-a23c-ecb24d6d7a79,enterprise,453,296,15603,2024-02-05,2026-02-04,churned
ca889df2-ca4a-4b1c-bf9f-9b95193de217,5d115863-a15b-47e9-9474-e44664f2728b,enterprise,325,277,17638,2023-10-04,2025-10-03,churned
db012111-71d1-4ed5-a899-4b5d1c479a6e,f21f233b-e722-46e9-b25d-1c595eb35ff6,starter,17,11,979,2025-12-22,2027-12-22,active
4bfb9fc4-4185-4d8e-afd6-40216aeb42d9,714681dd-135f-41b2-abf0-730d7aa4cadc,starter,14,8,349,2024-07-12,2025-07-12,renewed
646a1572-378e-40c9-a621-c2c7b44585e2,a1a0e6f1-6a5a-4b62-810b-26b8c25f4822,growth,81,49,6008,2024-09-28,2025-09-28,churned
506b9fab-9352-4bde-9c42-5767d561209d,ba10cd46-c79f-49fd-a676-e62c84130588,growth,89,80,4987,2025-05-22,2027-05-22,active
a9d66e1b-0a0c-415c-a477-3bb5ff74b737,18549225-d0b8-4ef3-bf28-20d87df562df,growth,38,34,1311,2025-04-15,2027-04-15,active
713f009b-2470-4b53-a91f-94670577d4fe,8326e5d7-adc6-4ada-ad6a-39f1197a6bd0,enterprise,133,114,20148,2023-06-13,2025-06-12,churned
a3af84fe-9368-4412-9f40-84b84c236f17,ee609c0b-504f-4425-879a-0b2ec3d84f97,growth,76,48,2712,2025-12-20,2026-12-20,active
90cdb0b9-e777-4772-a975-bd2fde9bcb7e,260a5f80-d16a-480b-b461-597f5e9de781,enterprise,486,287,16131,2025-09-01,2027-09-01,active
e35e0dc5-1bfb-49b2-8677-0b01130d82dd,f7ad7441-4a2a-4199-8b29-654fcd414b1c,enterprise,483,483,11881,2025-06-15,2026-06-15,churned
c3883ceb-69be-414b-96a6-7ca731ccba4f,9dfd38d0-666d-46cf-a19d-7c451c75498d,enterprise,355,188,11563,2025-04-19,2027-04-19,active
cc3aa5d9-c63e-4a49-b485-46c8e376c9dc,f48e6be2-c0b5-4bf3-bb77-785d11625095,growth,67,40,1612,2024-07-17,2025-07-17,churned
f05bf731-c0d1-44c5-acb0-7b9ef5f8c92b,727b72a8-dd80-46eb-b780-5778c560d2fb,enterprise,265,224,10627,2024-10-12,2025-10-12,churned
db50c76b-f8dd-4fad-95b0-4ad5583b6b36,2e65d905-a098-4a6b-87fe-74ffaaf38db9,growth,96,78,4271,2024-07-20,2025-07-20,churned
37e91cac-6bce-4794-bc95-f7bb3e38c136,dc668a03-65c6-492e-9f42-7ca477ff1f00,growth,22,16,6131,2025-11-25,2026-11-25,active
204ba309-aae0-44c2-992b-ffa9f4c8b523,c8e31933-8c65-4fae-845d-90ffd347e960,growth,34,31,6223,2023-08-13,2025-08-12,churned
0425dc47-1364-42b8-9b6a-b1cff78b3bc2,de672ba3-2c29-4c23-889e-df412fa77cc2,starter,7,6,558,2024-03-21,2025-03-21,churned
5687ff3b-f1c8-4337-881d-acca0b870686,4263ffae-01d1-4ee8-a230-b967c46a198e,growth,59,44,1481,2024-06-04,2025-06-04,churned
520e376a-36fd-4447-a60e-fe741fb5bff1,4e92b7e2-5b34-43da-b7e4-521adc5fe1f2,starter,12,12,478,2024-07-14,2025-07-14,churned
b31573d1-0236-4ef0-86f4-b1910e05b151,27e0ac83-40ea-4380-9314-d5740e2aabde,enterprise,286,234,24542,2023-10-04,2025-10-03,churned
1975cdbc-0501-4788-aeee-df25ec663b9e,fba5560f-73e7-4b9d-87fd-e161fbd3d0ad,growth,39,20,6283,2023-02-23,2025-02-22,churned
a9a1f445-dbf3-4aaa-ba09-5566990b5b26,df682065-0de8-4e46-ad28-697d50db531d,growth,74,60,4086,2024-01-03,2025-01-02,churned
77838aaa-af6a-4168-89ef-e3f4ae9274f9,b3604f48-ff6f-4fc3-9700-f38c9a98b7d0,starter,13,10,923,2024-11-07,2025-11-07,churned
d2852e75-4baa-4f4d-bcf4-0341007d3e52,0247ffb0-2ad5-474e-8afd-7679889657b3,enterprise,445,333,14289,2024-04-01,2025-04-01,churned
f414f9cd-c920-426c-ae83-fbe69f1a2cf4,403153a0-2658-40bb-8e7a-121126eed95b,enterprise,224,175,12412,2023-09-09,2024-09-08,churned
8cda3078-7287-40d2-8a46-533242159a56,4a15d71b-5423-4cd9-8a9d-1a6afaf167ae,growth,92,73,3733,2023-02-20,2025-02-19,churned
e2db0734-312c-49e8-a46e-7afa5b71466e,30196205-211c-4fd5-9094-91aec1a19e70,starter,16,16,577,2024-12-22,2025-12-22,churned
ca42b80d-e58e-4372-b667-7266a754330a,8841c929-427f-4a5d-9cd8-bde62c4de874,starter,14,12,1015,2024-09-12,2025-09-12,churned
4dfd367b-94ce-4d35-9f6c-e1490355433d,a6f09c0c-1a05-40b7-b127-d436fb0162d5,starter,13,11,971,2024-06-23,2025-06-23,churned
a3287c8e-827e-4dfa-80a9-24e0fb5b8ee3,9f3e3337-8921-43b1-b507-5ce25d46018d,enterprise,153,85,24902,2024-03-10,2026-03-10,churned
1adfced0-224c-41f3-b60c-6f56734c8ae0,595dfffb-8d01-4b9c-bb42-d8e65082f58f,starter,17,14,937,2024-04-26,2025-04-26,churned
2934184e-3059-4a84-8814-90909ed2e3e1,2cfd5e71-45bb-4953-b7a6-c9d065ff3091,starter,12,10,1167,2024-02-07,2025-02-06,churned
c869790e-2160-44e9-aef3-d2fec48efbcf,89376971-3797-4bbf-bce7-c7473cb0f78a,starter,15,12,722,2023-07-03,2024-07-02,renewed
e69a94fe-3dd9-4a18-b7f5-e5e1bb13d423,1430193a-74af-4837-9270-76d25f06e16a,enterprise,298,164,14833,2023-07-10,2025-07-09,churned
d4db62e1-4f64-4caa-817a-8546a9494fad,47ac5c4d-b495-4761-8493-d08df42e13ef,growth,88,62,3862,2024-03-11,2026-03-11,churned
4c83ff59-e0cd-4088-b443-969d03599130,bf2fbab4-6e97-432c-aaa2-2ec3c137d6df,growth,29,14,3105,2023-08-27,2024-08-26,churned
9a972fbf-aa66-4114-adfd-4ebdf0ce99b9,be00df1e-3d33-43ce-b595-f5838cac9e28,growth,84,67,2170,2024-08-26,2025-08-26,churned
8ee1f7cd-f2b3-44f8-9829-1c459d9f4645,e9635e9b-6984-4651-9aaf-9cd3b3267376,starter,13,11,449,2024-03-28,2025-03-28,churned
1208bab3-6c19-4824-8ee3-98d39947d8b9,25b17b5c-0f15-449a-9e15-e8e3b423a31e,enterprise,413,264,19765,2023-12-17,2024-12-16,churned
bbfd16bb-3ab0-47c5-b934-2317dcfa987f,9cf3b0cb-13dc-4015-962b-dfc3715bb102,starter,18,9,612,2025-06-12,2026-06-12,churned
fe154ebd-57d1-4608-9e68-c368822f4c80,213ea11a-4a4b-4939-a7f4-a6472e9210e2,enterprise,329,321,11378,2024-06-08,2026-06-08,churned
ba83b62f-a622-451f-88ac-1b81e46a7c4c,31e80fad-f6a0-4dce-a00c-b72303ad9f6d,enterprise,500,436,12726,2024-07-12,2025-07-12,churned
28acf2a0-d5c7-4feb-a4ad-6dda7cd9788d,a3acde22-d9a7-410a-82bb-088802270e41,growth,68,61,5846,2025-01-07,2026-01-07,churned
38541b3d-cd50-4f4c-839b-6e2e67a021e3,846c4468-e929-4910-8a3b-14a3d4f1c7de,starter,13,13,1033,2025-12-20,2027-12-20,active
f7365640-8443-481e-9272-a4a5c9155e24,90275646-59bf-435d-9a94-d60f58d2415b,growth,53,48,6025,2024-10-28,2025-10-28,churned
6ecb6d11-67b1-425e-ac12-9dcb29a0bf64,21aac536-049a-43a3-9f83-af7e0be0969d,starter,10,9,742,2025-06-06,2027-06-06,active
02f81aef-5e49-449c-8b02-5ae4db099fbb,17f6a053-dad8-49fa-b64f-e7359cdb4748,growth,77,71,1680,2023-05-05,2024-05-04,churned
97b8c105-5aa5-40ce-a5ec-57fe9573a24a,ad92743b-a996-4ab2-9283-e7bfdbdb5f72,growth,53,29,1749,2025-04-10,2027-04-10,active
7cf0b4e5-ad12-4790-95f6-7ccdc93f39f6,01efc755-d25b-47c4-8a5f-4dc04bbc5817,enterprise,196,116,13060,2024-04-09,2025-04-09,renewed
3f1fa8cd-f30d-44de-8aaa-3bd6c3ff3226,752f74d6-df86-4272-b363-a56e692e76ed,starter,16,12,634,2023-01-16,2024-01-16,churned
a62f7285-714d-4f54-99a4-59e71d1ce04b,86d1f0c6-2164-499f-b23c-b914b50d1484,enterprise,280,163,23150,2023-03-22,2025-03-21,churned
94e4d243-5af5-4b39-8a1a-b962fb971b6f,97d16dbf-553a-4ae2-9f08-307763ad649f,starter,10,7,1195,2025-08-19,2026-08-19,active
b918f367-6fe2-4e81-919d-c276a113911c,31317ba8-e4f6-495a-8595-6db73b9ddaa7,growth,46,34,6145,2024-12-25,2025-12-25,churned
87bb5546-6ecb-4221-8049-1aeef8723d98,b0f0fd96-165d-4147-8c19-d87d5745f165,growth,53,44,1583,2025-05-16,2027-05-16,active
ab8700c8-94a1-45c9-b01a-ae3082aecc42,e1bb85ee-a879-43e9-85f4-cb11d359ebfa,growth,45,34,6392,2023-10-03,2025-10-02,churned
60fe89b7-0ee8-41d5-914b-bce813286ec6,a2d83a79-8b3b-45f9-8aba-7291fdfd6294,starter,16,10,792,2024-04-17,2026-04-17,churned
10f901ca-2bd4-4d78-8440-1644fb24917a,67a1a502-3e8c-48ba-a732-b8b66f911213,growth,52,33,4780,2023-03-09,2024-03-08,churned
0fecd7bb-47a8-4bbf-81c5-1b9a96d194b7,025233f0-ca18-43f1-907b-b6c9e0623e6b,starter,14,11,628,2024-08-28,2026-08-28,active
bd6b9a6c-6ad1-40a3-8f94-0c8c4e19edec,3a56e0b2-29c5-4c56-8ef8-3c7da15e2920,starter,6,6,662,2024-01-20,2026-01-19,churned
c6d31335-8be3-4fa2-baf4-d787c4617c23,f0d16732-e934-4d74-b25a-f83efb83265d,enterprise,404,292,18370,2024-04-13,2025-04-13,churned
186519d6-bdc1-4a0d-bd51-80af07e4fcab,80022637-814a-49ae-88cd-364c7fc0cb57,starter,8,5,860,2024-02-27,2026-02-26,churned
bbec805c-3b0c-4d65-92e9-1f9f78c10193,f50458d7-f9d4-46eb-b6bd-401f8d7b77d7,enterprise,247,181,18960,2025-12-04,2027-12-04,active
4ea84be1-bc7f-48ba-ab01-b1286ff53bd9,ef01ffc2-6040-4390-93f8-06fe71e1d6dc,enterprise,476,472,15136,2023-03-17,2025-03-16,churned
3e1369e2-a752-417c-bf5d-5b10be4dcd8a,963d6993-3f10-4593-be70-f3af9adcfbf7,growth,22,18,5324,2025-03-07,2026-03-07,churned
56d1a765-f59c-415c-9889-5156db2f7998,8933e825-66f0-4781-9bc8-58d8b705662d,growth,47,46,1677,2024-08-06,2025-08-06,churned
4d900124-7665-41d2-88ab-85b4a40933ab,d7537597-17e7-4804-83df-bd264066f93c,growth,24,17,5093,2024-09-22,2025-09-22,churned
f90c758f-6ffb-482a-87de-23f0fedd0c61,8742c9dc-2cab-4fdc-a41f-98b6bb35ba22,enterprise,384,336,23854,2025-10-03,2026-10-03,active
38b9852b-c311-4132-9173-8feae23eb0a0,913de7b2-7d41-4a2a-b13a-ed348c9d17e6,growth,53,28,2145,2025-03-04,2027-03-04,active
2b70baa6-b178-4b6e-bf34-1f48a5dfb35e,6cc3e890-c5c7-45cc-b792-0247c18ceb48,starter,12,10,500,2025-06-09,2027-06-09,active
fd6e5a22-740e-415b-9eaa-befbe9edbf77,280c8e78-921b-437a-83ca-928db4bb167c,starter,18,11,688,2023-07-11,2024-07-10,churned
e93af782-470a-4bfe-b5a6-b20a47a2fb73,39876e87-bf09-43f5-b6d6-44e71d056f16,starter,20,20,508,2024-03-24,2026-03-24,churned
2a0977b5-71d6-4263-9505-0dc48a2d71f1,22daa4b6-fdd2-4b83-a21f-1833400a0043,starter,5,2,934,2024-09-02,2026-09-02,active
72a58e7c-df09-4edd-b708-6c77ad6063c1,417e5c81-1323-4555-b8da-7f040f0a3c81,growth,72,65,3652,2024-12-25,2025-12-25,churned
8cdd42a7-c966-45a1-9940-34aa46d8b00d,cfcef06e-4d2d-4560-99cd-0d297cab8129,enterprise,185,96,11984,2023-03-16,2025-03-15,churned
74557b75-034d-459c-bae1-4b47e8f9c3ae,256848b6-e347-49a6-aee7-170a34781e8c,growth,76,42,4089,2025-12-21,2027-12-21,active
df12373d-a298-4894-8dd7-45c5f1b17c42,9827294b-1e24-4f74-a5a3-30c9b29b3702,growth,57,53,3419,2024-11-03,2026-11-03,active
cab6d735-4def-44cb-9a04-fa87cad3adad,410a4257-9d0b-4784-9195-a8e14b6a5bde,enterprise,267,217,14480,2025-11-06,2026-11-06,active
2e787413-e45e-4f2b-9cc3-f6d55b20bdf7,0fbe2257-793e-4245-bb40-448d4a3f3696,enterprise,226,135,10731,2025-10-24,2027-10-24,active
a8b7e383-06a3-4ab8-aacb-3c470ba41b02,c1879099-86b7-4430-9a40-98155ebab19f,enterprise,283,268,22818,2025-05-12,2027-05-12,active
ae9c62cb-d110-43c8-8fc5-920518a151d0,a3938d6e-0bef-48f7-a194-42b66ee2c902,enterprise,384,299,19359,2023-11-11,2025-11-10,churned
3dedc938-c5ac-47d4-8d1f-a59665d22c5e,bffd5afd-1954-4f78-b76d-e0582a9a74f3,starter,10,8,538,2023-05-17,2025-05-16,churned
f4d16bc0-727e-4467-9652-19d8e53d4ed6,9ea08969-179a-4896-ae51-621ca8f34d63,enterprise,427,335,7801,2025-06-11,2026-06-11,churned
8c767522-db49-4b27-8d1d-8b313a014965,5a7d5276-6de5-44c7-87fc-c2a7eda2019c,starter,18,14,829,2023-04-14,2025-04-13,churned
14373ab4-580c-4f86-b173-766f0b26611e,7d221a8d-2875-4997-a383-c58fc1cf044f,starter,18,10,860,2024-01-10,2026-01-09,churned
8eaf4460-7d78-407e-aa29-3457e2870e6c,ca64d382-9698-4028-9efb-325fad71e19f,growth,63,39,1947,2023-06-06,2024-06-05,churned
4dbc5d1d-63dc-4e86-a6fc-c11df406b357,4f5b2edc-5b24-4fa4-81fe-85e7ab7bbcb0,enterprise,264,146,18973,2025-08-15,2026-08-15,active
208cea7c-5443-4ce2-a39a-a64b0d22e083,740ccda5-724d-4125-aa35-fb19e21a2b8c,enterprise,315,304,9224,2024-02-20,2025-02-19,churned
78d4a54a-4442-4fe3-ae46-cf6ed635d116,e18f5c48-0aec-4548-b724-047b7d2266f5,enterprise,461,344,14133,2025-06-26,2027-06-26,active
e5b2694a-5c15-4015-a9a7-d582c9051f0b,c129e4fe-5eb6-434c-a1c2-39a17e10ae98,growth,47,41,4157,2025-05-18,2026-05-18,churned
8cb7ad92-317b-4e4b-b6e2-71cf622b813f,ecd94e66-0dc1-43bb-9fdb-9d19907287ab,growth,82,47,4948,2025-12-14,2026-12-14,renewed
117184da-b3fc-44a3-9c4d-0eb72a45ee1f,a52cb425-380f-48d6-bef3-d7430458d8c7,growth,80,41,4268,2024-05-11,2026-05-11,churned
1e224c7a-d6f9-4755-baf8-e8a369376f5f,4c6bb607-6c51-4f9b-9059-ba3367aa3d62,enterprise,178,91,22434,2025-05-09,2026-05-09,churned
bd98f282-ae44-4bb9-9ee7-df9ca68e35ec,f0709b1b-a37e-4300-b32b-6ca991eb58ea,growth,98,65,4977,2025-08-28,2026-08-28,active
5b749db0-4f86-4731-b9e7-d974f24ce911,b56d6a1d-f385-401e-9f09-4ad1c3f23948,growth,45,43,4312,2023-05-26,2025-05-25,churned
a2c7f6b2-e4c1-4e32-9eda-c7617de9d5f9,f73b42a5-d0b5-404b-af57-a6c5e56e492c,starter,19,18,1105,2024-07-15,2026-07-15,active
e0437abf-3b9b-4553-bf45-dc5509ac721d,587882aa-3f91-46c0-b628-5b068e88592b,growth,97,82,4302,2024-03-16,2025-03-16,churned
7dc18020-2c01-48af-9494-b15e7ffd99de,c09b7174-54e5-46f1-b7e9-21efe5149637,enterprise,189,125,22746,2025-11-01,2026-11-01,renewed
defa94cb-3314-44fb-96d3-7fe9d6ae791d,170f2873-fa93-40a2-8692-9d25035ad68e,enterprise,226,212,7331,2024-02-23,2025-02-22,churned
093f82af-7606-4e68-8773-a9a834d25040,f6739a27-53fe-44b7-b778-bb7c7e8bece6,enterprise,395,297,8803,2023-07-20,2024-07-19,churned
36ec51e0-9b30-42a1-9b7f-0f77f6d75597,6b27bd54-236f-49fc-99ad-513bf1772a64,growth,31,15,5230,2025-05-05,2027-05-05,renewed
ae4f1f72-a7b0-47a6-bf97-99924d5dcd4c,09d74ac0-d720-41cf-9145-0f61b5ada521,starter,7,4,582,2023-04-26,2024-04-25,churned
d812d01e-c1bb-48b4-9ffd-9cced3b710f2,b112f104-c104-458c-a269-99b3833f39a3,enterprise,220,141,14205,2024-09-10,2025-09-10,churned
2aa875fd-9f7a-4d24-96e5-69ad6a9e9fea,d90cc9c9-a6f7-407f-bde3-4f0f2b5fe4e4,growth,79,45,6427,2023-12-15,2024-12-14,churned
a3e49f67-89e7-47b5-aee0-6b57f03a6e70,3c48c4a5-b285-4b9b-98bd-000cb27b6a09,starter,5,5,1120,2023-05-17,2024-05-16,churned
5d17d977-b908-4d45-94f5-75993ba4d18f,37989a53-f194-4b46-be61-8371373a0089,enterprise,258,157,11039,2025-08-11,2026-08-11,active
8bb88dc3-57fe-4ef6-8d93-c41dc6e16a85,24a574be-86aa-45eb-9586-9bc837d2879d,growth,76,69,5059,2025-09-15,2026-09-15,active
1f3001d8-40ae-42b8-b2e2-e3ef973988fd,182ef2a9-fd6d-40c5-a15f-07cf6a700443,enterprise,304,289,8807,2024-10-01,2026-10-01,active
d4a14b64-30f6-44c0-80a7-f97fc35e2d41,52733961-28d9-41de-98c2-8e6b935668ea,starter,9,9,1086,2025-06-04,2026-06-04,churned
a60a4556-c181-4d1b-856b-76ebcc79232a,72c1675a-f967-413f-ae28-d9e9ad2e852c,growth,51,40,5898,2025-10-19,2027-10-19,active
ebd5ae42-68f5-4ee3-8f91-f4223c1aad84,3c249534-38bb-4605-b380-89db5454eb79,enterprise,404,400,14363,2024-08-03,2025-08-03,churned
5216718d-becf-47c1-b8c0-660566dd9e0f,6023f639-dd9b-418b-9fce-b698d7e4b371,starter,16,16,1201,2024-10-01,2026-10-01,active
91e71817-8531-4b58-a967-7bcff232a85a,4541f21d-b4a8-4882-a41e-8959d66cf544,growth,78,49,3177,2024-07-20,2025-07-20,churned
fa3a3df5-0ea4-451b-9e0b-fab787611f6a,dbee696a-1f59-44bc-bef5-30d62e5af63d,growth,100,55,6472,2024-03-04,2026-03-04,churned
6d829226-de3f-471e-a59d-c66681031081,999abe3a-d9ce-4a26-bd65-c3c6659e3864,starter,11,11,807,2025-11-07,2027-11-07,renewed
dea1eb85-894c-44ae-ae91-1bef7bfcd539,9f152791-2df2-4e09-9bb9-b104443e5796,starter,6,4,757,2023-10-09,2024-10-08,churned
e18ded9c-3637-463b-8cfc-baec20a66f9c,55c9f51c-8515-4b65-a66b-e96b09cb5ea0,growth,44,44,2063,2024-02-02,2025-02-01,churned
149e1be1-abf3-42b0-ba78-8dc0b8bae279,e3848dc7-5a81-4e3d-a568-a01d9749e198,growth,65,52,2343,2023-07-24,2025-07-23,churned
fcf32e8e-cbfd-4872-856f-444a4e6c2472,89553b7d-d935-47a7-989b-4586a46a5e59,growth,86,60,5458,2023-01-06,2024-01-06,churned
d8204e74-a181-4a9f-9532-0cd757c6c660,351d3adc-eb32-47eb-bd40-1ef417e2983e,enterprise,147,107,12812,2025-11-03,2027-11-03,active
c4e2b21d-4b7d-492f-8382-473bac92b678,1d0dc2e9-76af-4e73-be99-4c8ae1e410e9,enterprise,134,118,16304,2025-07-14,2027-07-14,renewed
730569ba-1719-468d-9082-0c2f6e38ece5,1cb11afd-1696-4561-a301-762674024fcd,growth,85,80,2412,2024-01-06,2025-01-05,churned
7272ba94-0d9a-4c02-a05c-b0c6c7d36cc1,9e497bd4-c4af-4820-a853-593456a42044,starter,10,5,778,2025-09-26,2026-09-26,active
356dd1c7-8223-41a2-9c25-f80d39029d16,a16553b9-4aa8-4576-9dee-3abb54058664,growth,83,62,3523,2023-04-27,2025-04-26,churned
ec5cb212-e379-48ad-92e9-d3d3636657ee,18e2234e-7568-4696-91af-a55ba7a4906d,starter,5,5,753,2025-12-17,2027-12-17,active
ba218dd4-4dc8-4201-b09f-54635cfd6365,321ef7e8-ae00-45ee-87a1-d934a9095c36,enterprise,242,237,6973,2025-02-03,2026-02-03,churned
4d6e725d-73f9-4def-86d2-21108479c0ab,64381588-f029-400e-a4e4-54a137a62266,enterprise,170,85,12462,2023-10-11,2025-10-10,churned
82cd0cc1-bf6e-4bcc-9c7d-357e6a2ccd3a,2c5e361e-e17d-472a-a626-b10cb7549320,enterprise,473,455,8187,2023-05-18,2024-05-17,churned
515b93d7-07ed-4e96-96b1-1680d3bcbeb4,b1091b8c-5cd9-4a4f-964c-66d2f9e64005,enterprise,236,184,17957,2024-04-01,2026-04-01,churned
eb8a4f93-52ed-4528-988a-61f9f43f63ea,51ceb3f9-5bc8-4bcc-aa1f-8876761ec39d,enterprise,454,298,12075,2024-04-21,2026-04-21,churned
c4a29f1c-ffae-450d-877e-68e0e30d0f52,37cff554-9f84-49ee-b088-ada66da4016f,starter,11,5,1147,2025-10-21,2026-10-21,active
fd302e57-1121-480f-9eea-4e8fcec65998,847e3d22-d66a-4a76-8f2f-163b6b323257,enterprise,451,265,11053,2023-10-02,2024-10-01,churned
8c266209-d1f7-45ad-9490-211843a11b7c,9894a476-1eed-48f9-bd02-779ef845b14a,starter,20,18,1205,2025-07-24,2026-07-24,active
b73f7590-6f8a-44e1-9178-a98abedd669e,43b3877a-ee84-43d6-902d-96f1998a7f7e,growth,73,41,2684,2024-10-26,2025-10-26,churned
5596c67f-8625-46eb-aeb7-aac1c514c9d8,0a19e5ef-935c-4f8b-b1b9-fc54f48395a4,starter,5,3,1240,2025-10-04,2027-10-04,active
9500791a-a3d8-4d94-a1ef-993555d39cda,757e3823-373d-48f7-9dfd-42650d9b553c,starter,9,6,596,2025-10-01,2027-10-01,active
57aa2759-0e50-4c58-b023-8cd5cdaf321a,80dd4c64-3f69-4235-a3c9-720b1600ec8a,growth,99,53,4124,2025-12-28,2027-12-28,active
0653c8c8-0161-486a-9389-cf15bd0aed2a,3e90249e-cdc7-469b-80a1-2b67d08f9125,growth,28,24,2808,2023-12-20,2024-12-19,churned
05aa0f97-c27f-4f9c-87bb-0204f5547152,bce3bb79-c7f9-4dd9-b789-787d676d8375,growth,52,44,4972,2023-12-14,2025-12-13,churned
1fb2afd4-caa6-4cbd-aa18-ad837fd2aca7,e7f00d7b-4b1c-44f5-ae53-0ea8d098ad17,enterprise,328,296,14229,2025-01-19,2027-01-19,active
fa29856f-b929-4f2d-9f13-254091a991ad,e6311e2a-94f8-4afc-8724-267b6367d44f,growth,38,38,5905,2023-06-16,2025-06-15,churned
44b92ac8-ad38-425d-9f20-9f5467c79823,2b90f9d4-d6bc-4238-9a2a-dc37c7b50c5f,starter,13,11,498,2023-02-27,2025-02-26,churned
e4e9ee9c-3d71-4878-9ec8-80fdba0f96ab,89376971-3797-4bbf-bce7-c7473cb0f78a,starter,19,9,903,2024-07-02,2026-07-02,renewed
5dd2d674-adfa-45c0-b42d-9e9a04a58985,8d415a47-01fa-490e-ad9c-9444007f6bc8,enterprise,387,293,14434,2025-11-25,2027-11-25,active
eed12f82-b1ab-4dd9-88b6-80121f04387d,63be34fd-58d7-48e2-90e4-5d0a5168b904,enterprise,107,79,19644,2025-06-17,2027-06-17,active
969f0050-de3f-42ff-80c1-92b461e10f1a,61922a80-e3b0-4056-8eb9-57afcbdd31d1,growth,100,55,4087,2023-09-10,2024-09-09,churned
53cc762e-2c4a-4db9-a3cf-38906ae720ea,f2809daf-b3ad-47c2-bdf0-aded6e26bc20,growth,21,10,1823,2025-12-09,2027-12-09,active
26b0acf5-efea-463b-bbb6-c9d2a085d0d5,a9fe1075-7f77-41ec-a354-5342cc14292f,starter,14,12,612,2024-11-26,2026-11-26,active
d4d4ea00-e79b-4c93-b0f6-2449c6e361ee,2f7de006-794e-4af2-945c-b2abb5bf2308,growth,24,18,2470,2025-10-22,2027-10-22,active
c1c42f61-ba8c-4af3-8fc5-0c3e7f5e5480,a9eeaf73-869d-4548-a934-f0fe5515932b,starter,19,15,482,2025-07-19,2026-07-19,active
b4240914-3b01-4f28-91d6-02452b7d3b5e,9ba831a1-fdc5-4fd3-8efa-1cf8f6293ea7,starter,7,4,900,2024-03-04,2026-03-04,churned
688c8e4b-e496-41ae-bc3f-4e66073ad3c0,afd9702a-dd6b-4213-b52d-6e7193974098,growth,40,27,3445,2023-01-05,2024-01-05,churned
8682aed2-cb78-40c4-9b96-2bf2d8ebc952,b4607c2c-3e57-47ef-b091-6cd1ec98d9cc,starter,10,9,483,2024-05-26,2025-05-26,churned
ff8467a6-2987-4348-b219-e5444930dafa,dfca199a-b898-4f19-8bab-12d6f4d5ce97,growth,96,75,6445,2023-09-18,2024-09-17,churned
427df968-7a8d-4f31-8270-ef2319eff326,290c1243-27d5-4ac0-a82c-e5958234d18b,growth,78,50,1976,2024-07-16,2025-07-16,renewed
9cd05dbe-8342-4543-be16-631fab8f1a46,da83e691-4c43-4b76-8e7b-07e8c9a05aa4,growth,85,70,4920,2023-05-09,2024-05-08,churned
45fefc43-e6f3-47e3-bb14-e95a8a541176,928ecf88-0103-4f5d-922e-fa96d7a6d456,starter,6,6,710,2024-06-08,2025-06-08,renewed
8a97a64e-aa42-49b5-aaa6-909dfcd48897,0576f5a2-9dc5-4b07-9b60-f09a81a1fc09,starter,17,13,793,2024-01-20,2026-01-19,churned
f926419d-ba22-48c8-b75c-3f18c58c24ff,999abe3a-d9ce-4a26-bd65-c3c6659e3864,starter,8,8,645,2024-11-07,2025-11-07,renewed
c39ca870-1efe-4a48-92e7-45066a3138d2,aaf2d81e-5a57-49ee-96ca-5dbcbe3ed326,enterprise,250,156,20778,2024-11-18,2025-11-18,churned
a96cd5f4-5a45-49b6-80f6-256ff3f63e96,16650a24-7830-4a9a-a00c-136fbe552f94,growth,27,25,4498,2023-04-04,2024-04-03,churned
6cedfb35-ee1e-499b-99ed-439ef1537972,7b34b487-a965-48a8-a34d-d32597ee43a7,enterprise,429,263,21728,2025-11-14,2027-11-14,active
719c9171-a264-4b41-a31d-80b1046bd2de,5da17edf-ee0a-4432-a00a-72e0eb581f23,growth,100,83,1764,2024-10-08,2026-10-08,active
00b0fdda-c9de-4be3-8346-87ff15b4e4c1,68da9aaa-7b81-4d37-a10e-bd59a5e1bb6e,enterprise,323,206,18705,2025-03-25,2027-03-25,active
dab2de77-2a03-4945-9082-8bf4b73331eb,a9f32fe2-7fb1-4930-8bb6-8b2b97b3caad,starter,6,3,570,2025-12-15,2027-12-15,renewed
dd16688c-0bca-4fc4-a86e-6c4d8a3f55b6,5281aaa0-4633-4dd4-b5f7-fc17829edfa7,enterprise,396,396,24806,2025-05-24,2026-05-24,churned
ed183064-fc06-4bee-a10b-605faf1f3a55,76bde202-2063-42c4-8453-12e7e2acfc19,starter,20,16,740,2025-10-08,2027-10-08,active
daf8a34a-05c6-4179-94da-6943f5799b0f,3c097cd2-6e24-4476-bc84-b2c898ebede8,growth,91,56,3628,2025-01-27,2027-01-27,active
ad41ef8d-5468-4373-b3ab-ba669116ed98,1c8f26b6-e6c6-4a31-a66e-3febde90f7f4,enterprise,414,302,21068,2024-12-04,2025-12-04,churned
0cbda66f-400e-406c-9e7a-cc9c8ff120d9,a2ebe4fb-df3a-4346-8560-827e17f34e35,enterprise,308,304,20095,2024-08-05,2025-08-05,churned
9212f1f0-0626-4a63-a0f6-dc5d4b5a4917,540f99e1-b82f-4033-af4c-45ebb854d1c8,enterprise,262,161,8073,2024-04-17,2025-04-17,churned
2695fa86-16f4-46a5-bd50-083503ba8c5b,6d6bfd8f-f483-4958-824b-6b914c504eaf,growth,93,88,2809,2024-08-03,2026-08-03,active
03438dd1-1e30-4bf7-a605-f06b4df0cff3,c95ef7e8-75db-4fb2-83de-33644066542f,enterprise,252,184,13973,2025-10-02,2027-10-02,active
956aee4f-801f-486f-bc3c-0bc1436f4628,1c31a08f-4e37-4fc3-af85-0b1986e98dc7,growth,99,89,3752,2024-12-16,2025-12-16,churned
76977d71-d4e4-4217-ae86-3812801004d6,90f68efc-c457-4001-9e01-2f64f599cb54,growth,34,27,4589,2024-07-11,2026-07-11,renewed
ea4733bc-2561-4dad-8127-2fe51e8a6129,094cbf93-ca1c-418a-9313-1d9133576558,growth,63,55,5365,2025-05-13,2027-05-13,active
df8c281f-5fd9-4a10-868c-45b0a9ea92d6,8dd695a3-adf0-49af-a8d4-a1c12bd74354,enterprise,124,87,12864,2025-12-19,2026-12-19,renewed
ec45e58a-6001-4738-8c13-564e17c97c9e,f31228b1-3479-4cef-9c04-76f64fd2391f,growth,69,49,2606,2024-09-05,2026-09-05,active
c27d058f-fb3f-4bff-b059-f212eaf5558f,52810c43-c13b-40cc-bc05-607589653d76,enterprise,374,202,21120,2024-12-27,2026-12-27,active
6dc3d537-a8b9-44e1-b243-136f283f39d9,1e94ec5c-e97d-4f73-a72b-77c7c7579a30,starter,5,5,376,2024-12-02,2025-12-02,renewed
c0e69491-c08a-440b-b025-6fc4de14f2bc,b9ff2b56-0735-44df-b7bc-296ee86ce146,enterprise,269,251,24315,2025-09-06,2026-09-06,active
5d6a6781-62ae-4123-8e2f-0b4cbc66801f,9ebf9089-4b18-40ba-a619-553f502d8a40,starter,9,4,1190,2025-08-04,2027-08-04,active
857cd973-5afa-4b93-8fd7-0f6f3b3c6e42,2725d6eb-4722-4c50-af36-44b9da0f92b5,enterprise,395,360,12020,2023-05-13,2025-05-12,churned
db59e839-80f9-432b-be74-c62ac54dfefb,062cf126-ee6d-4865-90a5-ef7e392eb031,enterprise,267,185,16678,2023-07-07,2024-07-06,renewed
57b627e1-f969-4090-81b9-fba88147f503,1ecdc139-014d-427f-b913-394218a9d787,enterprise,314,274,22973,2025-08-11,2027-08-11,active
a1a3b9c7-7b29-4e6d-b3aa-3c941b85c288,0fea2af9-b0e6-416a-b508-b632906b9ea5,growth,27,18,4037,2024-09-19,2026-09-19,active
cc3a17de-1ff5-4ffb-87bf-423f3035086a,f53362f8-0f09-4167-9111-da8572a73292,starter,5,2,365,2024-10-26,2025-10-26,renewed
36640465-5a73-4155-b844-c7dde4ee25f5,afad30fe-1734-41bf-8a57-5a3ee7a1652d,enterprise,264,255,10588,2025-07-07,2027-07-07,active
dc306311-33db-4eb3-86e3-7b2bac767d96,fe065930-d4ef-42ef-a8a3-be672ea27b3c,enterprise,391,293,22994,2025-02-27,2026-02-27,churned
9ce9a96a-90a1-4d87-a10e-95ebb2a26067,be422afb-18eb-49b7-9d3c-55458eac551b,starter,16,15,1221,2025-09-06,2026-09-06,active
a1481f06-773b-4917-8e9e-1ef73899290d,3126f709-b0fa-4fed-9759-01f4ae90a75e,enterprise,400,377,21723,2025-06-17,2027-06-17,active
b713580d-5316-433e-91b5-265a32efeee5,b805e9af-f92f-4306-9c30-5f9508efaf70,starter,9,8,439,2023-01-13,2025-01-12,churned
9adbdfc3-29dc-451e-84d7-b9f097f97370,5dc6b598-847b-4333-8eb8-8d1304064398,starter,7,6,958,2024-08-16,2025-08-16,renewed
a786202b-e2ff-4612-a4b6-fb183ba39119,268a3293-2ce2-4777-9f45-33832d58f523,starter,7,3,419,2024-09-02,2025-09-02,churned
d7267ce0-bcec-4fa6-b145-7a1623f2f295,050c7e1c-e41e-42df-83cb-7a470cdbece0,enterprise,350,197,10092,2024-08-07,2025-08-07,churned
35764f05-652e-4adc-94e0-1fa94e7eeefc,30e2b105-b099-4640-8dbf-115ca3ac1ebc,growth,61,39,5552,2025-10-01,2026-10-01,active
df38f1eb-7ca5-4b7a-afea-aacbda284669,61780202-1997-4a0c-a9e4-49c0c45f9a96,starter,15,14,652,2024-08-20,2025-08-20,churned
8a7a3cf5-20f0-496c-96fe-c04850f82d96,df2e644a-be80-4466-a2e5-69981dcc98d8,enterprise,473,392,19097,2025-12-03,2026-12-03,active
db94edce-0e40-4a6b-bdf2-cce56bb9e513,5ca3336a-4636-4e1d-92a4-10dc5a76a6b8,starter,5,3,561,2024-03-06,2025-03-06,churned
7d34468a-3470-4361-a160-1494258a6057,01efc755-d25b-47c4-8a5f-4dc04bbc5817,enterprise,245,243,16325,2025-04-09,2027-04-09,renewed
1a7097b2-84d1-4344-905c-13fa6aba2ae8,118242e8-a20b-4284-8623-80ac26a15010,starter,13,13,899,2023-10-18,2025-10-17,churned
3cda261b-7b0a-46b3-830e-0dbc1dac48dd,a5871fef-a275-4939-b708-a230438f835e,growth,71,41,4135,2024-05-05,2025-05-05,churned
5f7785c5-7ac3-4243-b2a0-7c5558bcc07f,089ea9ac-a3f1-4ca6-b87c-83de8ce5d9a9,starter,5,5,911,2023-11-19,2024-11-18,renewed
d4579a3d-b948-4409-8fef-14dd4e9a53ac,bdd93964-2f0a-433c-a660-076dfcf38c61,enterprise,350,320,19659,2023-12-10,2025-12-09,churned
73592f2d-3563-44b3-beef-5103b0a5e0ed,c4b2068e-d77e-4533-8b76-e07f2b85658a,starter,11,7,549,2024-09-26,2026-09-26,active
27ba3be2-eb36-4052-8b5b-da7230d3e5ba,340ecf5f-c7fa-432f-9080-07db3364265f,growth,38,29,1467,2025-01-27,2027-01-27,active
dc5c4d72-de70-4d2a-9755-48ac3a1a12cf,6b27bd54-236f-49fc-99ad-513bf1772a64,growth,24,23,4184,2024-05-05,2025-05-05,renewed
ac0d87a1-2e5c-44f3-9246-ece931bc8ac0,a0390882-ae2a-4393-93c1-0af953b829db,starter,11,8,625,2023-08-24,2025-08-23,churned
884db55f-ece3-44ff-aab3-be769b65d756,dcb5e225-c319-4dde-9dc4-766f205ea56a,starter,9,4,1000,2023-09-17,2024-09-16,churned
16970bab-a0b5-4970-8e7b-97b2731186cd,cf488a33-74fd-4758-a1cf-a6bff81bba77,growth,67,44,6026,2025-12-03,2026-12-03,active
c124896f-ab50-4141-96ac-d64aaaa5c531,40f46068-e542-41bc-b348-5c4ff41151ca,enterprise,370,273,21008,2025-07-09,2027-07-09,active
44ed5e6c-1677-4ef5-8b5e-dbd0a4ae85bf,8eae3cda-4a08-4593-9db1-3342006b8f06,growth,59,47,3513,2023-07-01,2024-06-30,churned
930e0485-a1d0-491e-ad51-356735ec3514,c3923fb6-3f81-4942-a680-cbf1417b8fab,enterprise,244,209,22846,2023-09-02,2024-09-01,churned
0cbc6ad7-5b24-4a15-a640-36fa7e4c7843,b77713f1-eb3d-401c-95cb-f68b149c3837,growth,64,46,2734,2024-01-07,2025-01-06,churned
208743ef-fb75-4425-bb89-9b9aac4d1ddd,e68d4993-0f15-4f76-87b2-fcd5b7485cfd,enterprise,135,75,10732,2023-09-18,2025-09-17,churned
dce6abc1-65f7-41ae-b026-0a75f3634051,e310e9e9-ca2e-4551-8aba-668ddeb5a75a,growth,63,52,3447,2023-07-25,2025-07-24,churned
09df5a53-8fa3-430d-8471-ed9a7053ef09,ec1d7f1f-581a-4873-9a9d-de78b90f6607,enterprise,294,174,19174,2023-03-16,2024-03-15,churned
d94f7416-75d0-444d-920b-4e0ec507930d,6fed902c-be69-425a-9906-726b7b900b19,starter,13,10,600,2023-12-08,2024-12-07,churned
a99f986d-e9a8-4952-90bb-90fd6b65aee6,630e6473-4495-404c-8183-ec7be0c6d590,growth,87,74,4658,2024-08-14,2025-08-14,churned
0d1c36de-f9af-4886-8d72-8869bf8c5174,44807378-7f63-4c82-8184-580fe0a6f166,growth,70,69,2824,2024-06-14,2025-06-14,renewed
782b347a-3c6d-443e-a29a-d0674dcaf2d8,3001c4da-b595-4a88-92cd-87fef5217a6a,growth,99,86,6608,2024-07-11,2025-07-11,churned
23dfeba4-8202-49b6-8ca5-7bfe93859a82,6dad7bbd-9f6d-43fd-b53c-b7f46c830270,growth,99,58,4548,2024-01-06,2026-01-05,churned
f7dbbdc4-1f69-4a5b-a3b0-8987c50b0455,ae5e63be-df98-4ed4-baf7-6931116c9f27,enterprise,414,335,16969,2024-12-28,2026-12-28,active
18aa1019-c400-42a8-b366-cbbf37fdd28b,ed288f6b-a5a8-4754-9dca-01e377e20f57,starter,10,7,988,2025-03-08,2027-03-08,renewed
3fbc1205-4157-43f9-9a90-b384cb852d1b,6a9944f8-db53-451f-98d1-711cf2d0a55d,growth,88,71,3202,2024-06-08,2025-06-08,churned
6a6a33d1-c126-4620-8c3d-209da7cd2083,f450a9b0-66d0-4f94-9b14-c452e078bb18,growth,72,55,6442,2025-08-12,2027-08-12,active
b169fc6c-ea69-4b1b-8275-72a61aabb48b,f82611b4-928d-4970-80ec-140591f49b48,enterprise,183,149,18630,2025-05-18,2026-05-18,churned
261f0d01-ad2f-4a4c-9af0-864c218040a6,e1e038ce-318d-4d8c-a6ea-96278e13ba00,enterprise,229,206,13234,2025-08-16,2027-08-16,active
1141941e-8125-4732-9cb7-da6759618a9c,c43a01b6-54c8-4351-98d3-aea680e62b3b,starter,5,4,835,2023-11-06,2025-11-05,churned
bddddbcd-8ab2-4a39-aee4-74a5f7ab0fd1,90f68efc-c457-4001-9e01-2f64f599cb54,growth,27,23,3671,2023-07-12,2024-07-11,renewed
945d09dc-6e29-4f9e-a83d-489ad01c57b7,30dbf20f-b7ed-4477-bd8f-42a3d8181ff5,starter,11,6,884,2024-06-03,2026-06-03,churned
0ba40c88-752a-45f1-b9a5-1e758855ce7e,2706a587-ad83-4619-946e-186d3f52e9d0,enterprise,308,246,11331,2024-10-20,2026-10-20,active
54579126-b349-40a6-98f2-69645e716d8f,39bfe1bc-d894-4773-bae8-4996e2da4be7,enterprise,484,421,22298,2025-06-12,2026-06-12,churned
ce44bafa-d9d6-4a8d-ae71-a4174c4ed7a5,d277e5e1-70e2-4b34-9f3c-465405569f87,growth,36,28,5739,2024-12-26,2025-12-26,churned
ace31392-3158-4b25-a10f-af119fe130c3,0b181cb7-ded2-48e1-af50-4a43657f052f,growth,95,70,1826,2023-03-23,2025-03-22,churned
d1c46d39-f460-4066-a636-2dba236d2ec5,3e24db56-fcaa-4653-b61e-70c35b122588,enterprise,248,138,24597,2025-06-10,2027-06-10,active
f9aab1f1-457e-4614-8c92-b88c6d8e8175,d402f8d9-624d-48eb-906f-fbe4a2f43a0b,enterprise,154,154,6862,2024-12-04,2026-12-04,active
26a2a8b1-6a61-45b3-aa84-3ee3122367b0,231e41b3-67db-450c-8583-a5bb63db6b13,growth,24,17,6647,2024-08-03,2025-08-03,churned
cce57a4e-353c-4ccb-9893-d2e1bd7c9e0c,222c5fc4-8d95-4b86-b7a7-57b1d12b311a,starter,18,16,1228,2023-11-22,2025-11-21,churned
45fa7f46-a917-4947-854d-abd4d5ca9623,d2c7defd-f4c2-4fa3-b761-9284d6963452,enterprise,372,356,14264,2024-03-02,2025-03-02,churned
7189dda8-d917-48db-a191-cf58885c9a02,c31ea660-5ae2-489e-b321-c010c474582d,growth,87,54,3279,2024-01-04,2026-01-03,churned
d8e32808-7a80-477d-8b14-ce4b5b954d6f,3accf934-7bd7-4d96-8f77-2f6685d3f5e3,starter,9,8,780,2024-07-24,2025-07-24,churned
2ca25ad6-836a-47c7-8c43-25f704079450,714681dd-135f-41b2-abf0-730d7aa4cadc,starter,18,17,437,2025-07-12,2026-07-12,renewed
5c09a05c-24b2-4d63-8c04-4d37b8d44f69,344a7f3f-24cd-4ed4-a646-fad20ff64f9a,enterprise,376,223,13614,2025-01-17,2026-01-17,churned
134cfba5-b2d2-431b-8dbe-a6a916d3fd19,c42a766a-7821-423d-9ab8-fe8b56564244,starter,13,12,826,2025-01-07,2026-01-07,churned
0f573c94-39d1-44ff-8de7-df6f12f5e5ee,055f07b6-6fe2-4511-a9de-5e02cf6397ac,starter,17,17,1048,2025-11-28,2027-11-28,active
65e8f9ac-dead-4254-87c5-890c8da0f6fc,cf079396-119a-42d4-821a-279012506870,growth,74,54,6372,2024-03-17,2026-03-17,churned
8d80ba74-535c-425f-bcb8-e63264a7fcf8,bd5af5cf-ce59-41d9-8a92-37a08f3d2c08,starter,5,2,428,2025-05-28,2027-05-28,active
60f38b1e-dce7-4ee6-93f2-405033ea5b6e,cef6031a-38a8-4add-bdfb-68572feb1ad6,enterprise,188,122,14196,2024-03-10,2026-03-10,churned
f5b17e34-c9bb-4683-b0d8-518cdddebc3f,9187a035-a7df-4a81-83a0-7b18f25c09d8,starter,6,4,1107,2024-02-24,2026-02-23,churned
83dde132-175e-4a1f-8cb9-2e27443c917e,aadcff78-edb3-46dc-930b-785e29d3e8e9,growth,22,12,3675,2024-07-04,2025-07-04,churned
9622edf3-c66d-4fcd-9dee-a72b38418a6c,44807378-7f63-4c82-8184-580fe0a6f166,growth,88,60,3530,2025-06-14,2027-06-14,renewed
aed90998-1cc3-41e6-bf3d-220b02f85837,290c1243-27d5-4ac0-a82c-e5958234d18b,growth,98,66,2470,2025-07-16,2027-07-16,renewed
c381ad9d-bf75-4f20-b17f-42f8b454235f,8a0b4cbf-3449-4cdc-b35b-82673b44e278,growth,61,59,4265,2024-10-07,2026-10-07,active
c603a623-80cf-4e9c-a43c-803a8fd9efa1,2ce233b6-666e-4390-a58d-93c303774691,starter,12,11,634,2023-03-11,2025-03-10,churned
34c4959a-4db8-476b-b169-3238e5cae03c,30240e7d-9a1d-4004-b593-de5812393033,enterprise,367,275,20432,2024-10-16,2026-10-16,active
74fdcf92-c0b5-4442-b1c3-989e0e2a2c41,c95a55fe-72a7-4366-8744-9ea2b8df0b21,enterprise,257,194,20097,2024-12-11,2025-12-11,churned
e8cc6edf-653c-45ce-85e2-6b8f573340d5,a6c68f38-52b7-49fe-bf3d-0a14fe9fc85a,starter,8,4,881,2024-12-14,2025-12-14,churned
d499b2c2-3de8-432e-8b27-09e66096d3f5,d4c2b708-3781-43bf-b9a5-4daae2525235,growth,60,32,5354,2024-05-28,2026-05-28,churned
efebcdef-4765-470b-a178-306ba3e9040b,46c77db6-cfcf-4b19-bd11-2ddc39d98598,enterprise,154,147,12041,2024-01-05,2025-01-04,churned
0268fe81-0881-4cbf-9ad5-8ec8615fa4cc,15dc55e8-2801-4233-a924-630b768d5108,starter,18,10,619,2025-06-09,2026-06-09,churned
b938357a-415e-4d17-a705-557382257b12,ef80235d-3126-4b85-98b2-c5e75c6287d6,starter,11,5,893,2024-05-08,2026-05-08,churned
8f565a5c-1f59-4c18-9ba6-222f9030526e,03bfcfaf-fd78-4fcf-9be8-3cddba0b7a50,enterprise,233,203,14751,2023-04-17,2024-04-16,churned
4e70a27b-b4a4-40c2-b179-b919d39129ec,aad58934-908f-4d28-81f4-32d4878f1223,growth,48,42,3463,2025-06-09,2026-06-09,churned
bbb4f6a8-d595-4bfc-b270-d37d97186a7f,b226e1bf-ac39-499e-b9eb-23dbd465d0f1,growth,76,62,3543,2023-05-08,2024-05-07,churned
b5573813-ffc5-48db-9581-d306e9219f7f,a03355b8-fd67-4654-b916-8be635e9b049,enterprise,292,188,11996,2025-04-25,2026-04-25,churned
79e289ca-07a2-46ff-b6a5-7dbe36021dea,12c2d48a-29f9-4da4-bd28-828b5ccd29ab,growth,54,32,1880,2023-02-07,2024-02-07,churned
4564b5e6-5aed-42f1-ad57-249a47b8b18a,424c7d5c-a438-4646-8df3-560d080baa49,starter,14,13,603,2025-04-24,2027-04-24,renewed
930968fe-dea3-4c51-8228-b42c5c2dddf2,99c8d200-a806-45ed-9391-e26c8aa0e786,growth,76,69,3099,2025-11-09,2026-11-09,active
3da85cf3-7abe-4c51-b822-0615d2e39ab8,c590aa8b-ce52-4fa4-b92d-64e1c47a583f,growth,42,30,4043,2025-11-18,2027-11-18,renewed
b87d93fc-6176-47d7-95a4-b5522327d37f,24ccdc6f-b0d3-4042-ae7e-e75fd329f51d,starter,18,17,934,2025-11-11,2027-11-11,active
fb8ccdc9-f400-43a7-b0f5-4125863487a5,512b76bc-f547-46e2-bae8-e603b465b9b7,growth,95,53,5255,2024-11-26,2025-11-26,churned
0199212a-aba1-4595-8a81-163d8e141497,f5204496-4e70-4fd2-951d-3f05e3567181,enterprise,107,56,12007,2025-10-05,2026-10-05,active
b123f03e-fd1e-410e-bb1f-459e0ab0f0a2,04b44ffd-24e6-4660-a692-8eb6fbf7c620,starter,14,8,758,2024-02-06,2025-02-05,churned
d1ce2ee5-6125-4325-b25d-173282371b38,31e4fa81-76ae-4aba-adaf-1883e0ecd30d,growth,93,53,2403,2023-02-14,2024-02-14,churned
62ed3455-49b2-4296-a020-ccb915757656,d9d9ad44-e735-42a5-889a-991f243b364a,growth,53,29,2595,2024-11-14,2026-11-14,active
e6fb6353-248f-42bd-844f-2aac265d7d49,9baa88a9-7ad9-440f-83f3-e8f7dbbe1ec1,starter,8,8,466,2025-02-28,2026-02-28,churned
d22285ad-13c1-4f6b-be58-55a454834773,beed11cb-0bb6-46c9-8812-2afb5b5b9220,starter,5,4,1042,2024-04-06,2025-04-06,churned
42508181-fe02-49e2-bf2d-3c2f06430564,6a80cd79-cff2-474f-9f68-02b1589cec36,starter,18,11,650,2024-04-26,2026-04-26,churned
7561f658-e5a1-40ba-84b2-f3b55b9e1ad7,250432f3-ea2e-4bbe-b62c-58eb34a59b93,starter,15,14,964,2024-07-23,2026-07-23,active
4f79cad4-1a24-4bb9-a807-8fa0ca43e0ad,7ddc1c3a-42e1-4fcd-9c93-d51f1700bf7f,enterprise,194,103,8843,2025-06-24,2027-06-24,active
aa3a7773-46c2-4158-b50a-3fba118d6a89,1b9801d0-8208-4dc7-9c26-02d485b23271,starter,19,15,592,2025-01-25,2026-01-25,churned
93871c22-f1b9-4cde-907a-829463af58e8,c52ace80-cd3d-4130-9058-ff4dc5d044d9,enterprise,290,157,15675,2023-12-15,2024-12-14,churned
18cfbffd-0df2-41f0-ba3a-7abfd443a58d,9f699b98-e5d3-44f7-9c17-48cd9da60a1a,enterprise,368,363,14816,2024-12-11,2026-12-11,active
07c60ef9-9dd3-4c5b-91c4-1e42c706af80,a23f901e-1f9a-496e-9dad-5a4c2310333c,starter,17,12,493,2024-08-13,2025-08-13,churned
0eb62795-9043-4cd9-a9a6-15c7c2b6089d,308522ec-bcd4-46fc-a87d-d7efe3dc8995,growth,34,21,2413,2023-04-24,2024-04-23,churned
3fae8992-a34f-4317-b349-c4aa997ef7be,ac19d426-24c4-43fc-81f5-702d8d5014fc,enterprise,490,327,12103,2025-06-13,2026-06-13,churned
d32103ca-afef-4a83-934d-0a8aa8ada269,f53362f8-0f09-4167-9111-da8572a73292,starter,7,6,457,2025-10-26,2026-10-26,renewed
462bd938-d8cf-4ad5-8b22-d62c5245ba1e,9a93a7a6-09c9-4db1-85ae-c838d4156583,enterprise,217,209,11724,2023-04-07,2025-04-06,churned
a3c56f55-6313-415e-acf9-ad422bc88b0f,00c7de6a-4d98-4c07-9a3b-b0f7cd8c79dc,starter,9,6,685,2025-02-20,2027-02-20,active
e71fe9df-b16d-4aff-83c5-4ad0786414f4,4c206644-a901-409c-a2cc-856c303f8e24,enterprise,171,157,15591,2024-04-20,2025-04-20,churned
